Workbook

Sheet swiss_qna
A2: Staatssekretariat für Wirtschaft SECO
A3: Secrétariat d'Etat à l'économie SECO
A4: Segreteria di Stato dell’economia SECO
A5: Secretariat da stadi per l'economia SECO
A6: State Secretariat for Economic Affairs SECO
A8: You may choose the language to label the Swiss GDP and its production-side components in the dropdown-menu below.
A9: Pages labelled at the end with "_q" contain quarterly data, pages with "_y" contain yearly figures.
A10: Pages labelled at the beginning with "nom" contain figures at current prices, pages with "real" contain values at prices of the preceding year (chained values, reference year 2020), pages with "defl" contain implicit price deflators and those with "gc" contain contributions to real GDP-growth.
A12: Sie können im Dropdown-Menu die Sprache wählen, im welcher Sie das BIP der Schweiz gemäss Produktionsseite beschriftet haben möchten.
A13: Seiten mit der Endbezeichnung "_q" enthalten Quartalszahlen, diejenigen mit "_y" Jahreszahlen.
A14: Seiten mit der Anfangsbezeichnung "nom" enthalten Werte zu laufenden Preisen, diejenigen mit "real" Werte zu Preisen des Vorjahres (verkettet, Referenzjahr 2020), diejenigen mit "defl" implizite Deflatoren und diejenigen mit "gc" Beiträge zum realen BIP-Wachstum.
A16: Vous pouvez choisir ci-dessous la langue avec laquelle vous souhaitez visualiser le PIB de la Suisse selon l'approche par la production.
... A22: Le pagine contrassegnate all'inizio con "nom" contengono dati ai prezzi correnti, pagine con "real" contengono valori ai prezzi dell'anno precedente (serie concatenate, anno di riferimento 2020), pagine con "defl" contengono i deflatori impliciti, pagine con "gc" contengono i contributi alla crescita reale del PIL.

Sheet nom_q
A1: =INDIRECT("beschriftung!"&ADDRESS(beschriftung!$C$1*12+ROW(beschriftung!$A1)-1,COLUMN(beschriftung!A$1))) -> ESA 2010, Quarterly aggregates of Gross Domestic Product, production approach, seasonally, calendar and sport event adjusted data. Background information on sport event adjustment can be found in the publication “Konjunkturtendenzen” (“Economic Trends”) from autumn 2022 and in the technical note from 5 September 2022 on the website www.seco.admin.ch.
A2: =INDIRECT("beschriftung!"&ADDRESS(beschriftung!$C$1*12+ROW(beschriftung!$A2)-1,COLUMN(beschriftung!A$1))) -> In Mio. Swiss Francs, at current prices, percentage change to previous quarter
C4: =INDIRECT("beschriftung!"&ADDRESS(beschriftung!$C$1*12+ROW(beschriftung!$A5)-1,COLUMN(beschriftung!C$1))) -> Gross domestic product | D4: =IF(INDIRECT("beschriftung.!"&ADDRESS(#REF!*12+ROW($A5)-1,COLUMN(D$1)))="","",INDIRECT("beschriftung.!"&ADDRESS(#REF!*12+ROW($A5)-1,COLUMN(D$1)))) -> #REF! | E4: =IF(INDIRECT("beschriftung.!"&ADDRESS(#REF!*12+ROW($A5)-1,COLUMN(E$1)))="","",INDIRECT("beschriftung.!"&ADDRESS(#REF!*12+ROW($A5)-1,COLUMN(E$1)))) -> #REF! | F4: =IF(INDIRECT("beschriftung.!"&ADDRESS(#REF!*12+ROW($A5)-1,COLUMN(F$1)))="","",INDIRECT("beschriftung.!"&ADDRESS(#REF!*12+ROW($A5)-1,COLUMN(F$1)))) -> #REF! | G4: =IF(INDIRECT("beschriftung.!"&ADDRESS(#REF!*12+ROW($A5)-1,COLUMN(G$1)))="","",INDIRECT("beschriftung.!"&ADDRESS(#REF!*12+ROW($A5)-1,COLUMN(G$1)))) -> #REF! | H4: =IF(INDIRECT("beschriftung.!"&ADDRESS(#REF!*12+ROW($A5)-1,COLUMN(H$1)))="","",INDIRECT("beschriftung.!"&ADDRESS(#REF!*12+ROW($A5)-1,COLUMN(H$1)))) -> #REF! | I4: =IF(INDIRECT("beschriftung.!"&ADDRESS(#REF!*12+ROW($A5)-1,COLUMN(I$1)))="","",INDIRECT("beschriftung.!"&ADDRESS(#REF!*12+ROW($A5)-1,COLUMN(I$1)))) -> #REF! | J4: =IF(INDIRECT("beschriftung.!"&ADDRESS(#REF!*12+ROW($A5)-1,COLUMN(J$1)))="","",INDIRECT("beschriftung.!"&ADDRESS(#REF!*12+ROW($A5)-1,COLUMN(J$1)))) -> #REF! | K4: =IF(INDIRECT("beschriftung.!"&ADDRESS(#REF!*12+ROW($A5)-1,COLUMN(K$1)))="","",INDIRECT("beschriftung.!"&ADDRESS(#REF!*12+ROW($A5)-1,COLUMN(K$1)))) -> #REF! | L4: =IF(INDIRECT("beschriftung.!"&ADDRESS(#REF!*12+ROW($A5)-1,COLUMN(L$1)))="","",INDIRECT("beschriftung.!"&ADDRESS(#REF!*12+ROW($A5)-1,COLUMN(L$1)))) -> #REF! | Q4: =IF(INDIRECT("beschriftung.!"&ADDRESS(#REF!*12+ROW($A5)-1,COLUMN(Q$1)))="","",INDIRECT("beschriftung.!"&ADDRESS(#REF!*12+ROW($A5)-1,COLUMN(Q$1)))) -> #REF! | R4: =IF(INDIRECT("beschriftung.!"&ADDRESS(#REF!*12+ROW($A5)-1,COLUMN(R$1)))="","",INDIRECT("beschriftung.!"&ADDRESS(#REF!*12+ROW($A5)-1,COLUMN(R$1)))) -> #REF! | U4: =IF(INDIRECT("beschriftung.!"&ADDRESS(#REF!*12+ROW($A5)-1,COLUMN(U$1)))="","",INDIRECT("beschriftung.!"&ADDRESS(#REF!*12+ROW($A5)-1,COLUMN(U$1)))) -> #REF! | V4: =IF(INDIRECT("beschriftung.!"&ADDRESS(#REF!*12+ROW($A5)-1,COLUMN(V$1)))="","",INDIRECT("beschriftung.!"&ADDRESS(#REF!*12+ROW($A5)-1,COLUMN(V$1)))) -> #REF! | W4: =IF(INDIRECT("beschriftung.!"&ADDRESS(#REF!*12+ROW($A5)-1,COLUMN(W$1)))="","",INDIRECT("beschriftung.!"&ADDRESS(#REF!*12+ROW($A5)-1,COLUMN(W$1)))) -> #REF! | X4: =IF(INDIRECT("beschriftung.!"&ADDRESS(#REF!*12+ROW($A5)-1,COLUMN(X$1)))="","",INDIRECT("beschriftung.!"&ADDRESS(#REF!*12+ROW($A5)-1,COLUMN(X$1)))) -> #REF! | AA4: =IF(INDIRECT("beschriftung.!"&ADDRESS(#REF!*12+ROW($A5)-1,COLUMN(AA$1)))="","",INDIRECT("beschriftung.!"&ADDRESS(#REF!*12+ROW($A5)-1,COLUMN(AA$1)))) -> #REF! | AB4: =IF(INDIRECT("beschriftung.!"&ADDRESS(#REF!*12+ROW($A5)-1,COLUMN(AB$1)))="","",INDIRECT("beschriftung.!"&ADDRESS(#REF!*12+ROW($A5)-1,COLUMN(AB$1)))) -> #REF! | AG4: =IF(INDIRECT("beschriftung.!"&ADDRESS(#REF!*12+ROW($A5)-1,COLUMN(AG$1)))="","",INDIRECT("beschriftung.!"&ADDRESS(#REF!*12+ROW($A5)-1,COLUMN(AG$1)))) -> #REF! | AH4: =IF(INDIRECT("beschriftung.!"&ADDRESS(#REF!*12+ROW($A5)-1,COLUMN(AH$1)))="","",INDIRECT("beschriftung.!"&ADDRESS(#REF!*12+ROW($A5)-1,COLUMN(AH$1)))) -> #REF! | AI4: =IF(INDIRECT("beschriftung.!"&ADDRESS(#REF!*12+ROW($A5)-1,COLUMN(AI$1)))="","",INDIRECT("beschriftung.!"&ADDRESS(#REF!*12+ROW($A5)-1,COLUMN(AI$1)))) -> #REF! | AJ4: =IF(INDIRECT("beschriftung.!"&ADDRESS(#REF!*12+ROW($A5)-1,COLUMN(AJ$1)))="","",INDIRECT("beschriftung.!"&ADDRESS(#REF!*12+ROW($A5)-1,COLUMN(AJ$1)))) -> #REF! | AM4: =IF(INDIRECT("beschriftung.!"&ADDRESS(#REF!*12+ROW($A5)-1,COLUMN(AM$1)))="","",INDIRECT("beschriftung.!"&ADDRESS(#REF!*12+ROW($A5)-1,COLUMN(AM$1)))) -> #REF! | AN4: =IF(INDIRECT("beschriftung.!"&ADDRESS(#REF!*12+ROW($A5)-1,COLUMN(AN$1)))="","",INDIRECT("beschriftung.!"&ADDRESS(#REF!*12+ROW($A5)-1,COLUMN(AN$1)))) -> #REF! | AO4: =IF(INDIRECT("beschriftung.!"&ADDRESS(#REF!*12+ROW($A5)-1,COLUMN(AO$1)))="","",INDIRECT("beschriftung.!"&ADDRESS(#REF!*12+ROW($A5)-1,COLUMN(AO$1)))) -> #REF! | AP4: =IF(INDIRECT("beschriftung.!"&ADDRESS(#REF!*12+ROW($A5)-1,COLUMN(AP$1)))="","",INDIRECT("beschriftung.!"&ADDRESS(#REF!*12+ROW($A5)-1,COLUMN(AP$1)))) -> #REF! | AQ4: =IF(INDIRECT("beschriftung.!"&ADDRESS(#REF!*12+ROW($A5)-1,COLUMN(AQ$1)))="","",INDIRECT("beschriftung.!"&ADDRESS(#REF!*12+ROW($A5)-1,COLUMN(AQ$1)))) -> #REF! | AR4: =IF(INDIRECT("beschriftung.!"&ADDRESS(#REF!*12+ROW($A5)-1,COLUMN(AR$1)))="","",INDIRECT("beschriftung.!"&ADDRESS(#REF!*12+ROW($A5)-1,COLUMN(AR$1)))) -> #REF! | AS4: =IF(INDIRECT("beschriftung.!"&ADDRESS(#REF!*12+ROW($A5)-1,COLUMN(AS$1)))="","",INDIRECT("beschriftung.!"&ADDRESS(#REF!*12+ROW($A5)-1,COLUMN(AS$1)))) -> #REF! | AT4: =IF(INDIRECT("beschriftung.!"&ADDRESS(#REF!*12+ROW($A5)-1,COLUMN(AT$1)))="","",INDIRECT("beschriftung.!"&ADDRESS(#REF!*12+ROW($A5)-1,COLUMN(AT$1)))) -> #REF! | ... AV4: =IF(INDIRECT("beschriftung.!"&ADDRESS(#REF!*12+ROW($A5)-1,COLUMN(AV$1)))="","",INDIRECT("beschriftung.!"&ADDRESS(#REF!*12+ROW($A5)-1,COLUMN(AV$1)))) -> #REF! | AY4: =IF(INDIRECT("beschriftung.!"&ADDRESS(#REF!*12+ROW($A5)-1,COLUMN(AY$1)))="","",INDIRECT("beschriftung.!"&ADDRESS(#REF!*12+ROW($A5)-1,COLUMN(AY$1)))) -> #REF! | AZ4: =IF(INDIRECT("beschriftung.!"&ADDRESS(#REF!*12+ROW($A5)-1,COLUMN(AZ$1)))="","",INDIRECT("beschriftung.!"&ADDRESS(#REF!*12+ROW($A5)-1,COLUMN(AZ$1)))) -> #REF! | BA4: =IF(INDIRECT("beschriftung.!"&ADDRESS(#REF!*12+ROW($A5)-1,COLUMN(BA$1)))="","",INDIRECT("beschriftung.!"&ADDRESS(#REF!*12+ROW($A5)-1,COLUMN(BA$1)))) -> #REF! | BB4: =IF(INDIRECT("beschriftung.!"&ADDRESS(#REF!*12+ROW($A5)-1,COLUMN(BB$1)))="","",INDIRECT("beschriftung.!"&ADDRESS(#REF!*12+ROW($A5)-1,COLUMN(BB$1)))) -> #REF! | BC4: =IF(INDIRECT("beschriftung.!"&ADDRESS(#REF!*12+ROW($A5)-1,COLUMN(BC$1)))="","",INDIRECT("beschriftung.!"&ADDRESS(#REF!*12+ROW($A5)-1,COLUMN(BC$1)))) -> #REF! | BD4: =IF(INDIRECT("beschriftung.!"&ADDRESS(#REF!*12+ROW($A5)-1,COLUMN(BD$1)))="","",INDIRECT("beschriftung.!"&ADDRESS(#REF!*12+ROW($A5)-1,COLUMN(BD$1)))) -> #REF! | BE4: =IF(INDIRECT("beschriftung.!"&ADDRESS(#REF!*12+ROW($A5)-1,COLUMN(BE$1)))="","",INDIRECT("beschriftung.!"&ADDRESS(#REF!*12+ROW($A5)-1,COLUMN(BE$1)))) -> #REF! | BF4: =IF(INDIRECT("beschriftung.!"&ADDRESS(#REF!*12+ROW($A5)-1,COLUMN(BF$1)))="","",INDIRECT("beschriftung.!"&ADDRESS(#REF!*12+ROW($A5)-1,COLUMN(BF$1)))) -> #REF!
E5: =INDIRECT("beschriftung!"&ADDRESS(beschriftung!$C$1*12+ROW(beschriftung!$A6)-1,COLUMN(beschriftung!D$1))) -> Gross value added before adjustments | F5: =IF(INDIRECT("beschriftung.!"&ADDRESS(#REF!*12+ROW($A6)-1,COLUMN(F$1)))="","",INDIRECT("beschriftung.!"&ADDRESS(#REF!*12+ROW($A6)-1,COLUMN(F$1)))) -> #REF! | G5: =IF(INDIRECT("beschriftung.!"&ADDRESS(#REF!*12+ROW($A6)-1,COLUMN(G$1)))="","",INDIRECT("beschriftung.!"&ADDRESS(#REF!*12+ROW($A6)-1,COLUMN(G$1)))) -> #REF! | H5: =IF(INDIRECT("beschriftung.!"&ADDRESS(#REF!*12+ROW($A6)-1,COLUMN(H$1)))="","",INDIRECT("beschriftung.!"&ADDRESS(#REF!*12+ROW($A6)-1,COLUMN(H$1)))) -> #REF! | I5: =IF(INDIRECT("beschriftung.!"&ADDRESS(#REF!*12+ROW($A6)-1,COLUMN(I$1)))="","",INDIRECT("beschriftung.!"&ADDRESS(#REF!*12+ROW($A6)-1,COLUMN(I$1)))) -> #REF! | J5: =IF(INDIRECT("beschriftung.!"&ADDRESS(#REF!*12+ROW($A6)-1,COLUMN(J$1)))="","",INDIRECT("beschriftung.!"&ADDRESS(#REF!*12+ROW($A6)-1,COLUMN(J$1)))) -> #REF! | K5: =IF(INDIRECT("beschriftung.!"&ADDRESS(#REF!*12+ROW($A6)-1,COLUMN(K$1)))="","",INDIRECT("beschriftung.!"&ADDRESS(#REF!*12+ROW($A6)-1,COLUMN(K$1)))) -> #REF! | L5: =IF(INDIRECT("beschriftung.!"&ADDRESS(#REF!*12+ROW($A6)-1,COLUMN(L$1)))="","",INDIRECT("beschriftung.!"&ADDRESS(#REF!*12+ROW($A6)-1,COLUMN(L$1)))) -> #REF! | Q5: =IF(INDIRECT("beschriftung.!"&ADDRESS(#REF!*12+ROW($A6)-1,COLUMN(Q$1)))="","",INDIRECT("beschriftung.!"&ADDRESS(#REF!*12+ROW($A6)-1,COLUMN(Q$1)))) -> #REF! | R5: =IF(INDIRECT("beschriftung.!"&ADDRESS(#REF!*12+ROW($A6)-1,COLUMN(R$1)))="","",INDIRECT("beschriftung.!"&ADDRESS(#REF!*12+ROW($A6)-1,COLUMN(R$1)))) -> #REF! | U5: =IF(INDIRECT("beschriftung.!"&ADDRESS(#REF!*12+ROW($A6)-1,COLUMN(U$1)))="","",INDIRECT("beschriftung.!"&ADDRESS(#REF!*12+ROW($A6)-1,COLUMN(U$1)))) -> #REF! | V5: =IF(INDIRECT("beschriftung.!"&ADDRESS(#REF!*12+ROW($A6)-1,COLUMN(V$1)))="","",INDIRECT("beschriftung.!"&ADDRESS(#REF!*12+ROW($A6)-1,COLUMN(V$1)))) -> #REF! | W5: =IF(INDIRECT("beschriftung.!"&ADDRESS(#REF!*12+ROW($A6)-1,COLUMN(W$1)))="","",INDIRECT("beschriftung.!"&ADDRESS(#REF!*12+ROW($A6)-1,COLUMN(W$1)))) -> #REF! | X5: =IF(INDIRECT("beschriftung.!"&ADDRESS(#REF!*12+ROW($A6)-1,COLUMN(X$1)))="","",INDIRECT("beschriftung.!"&ADDRESS(#REF!*12+ROW($A6)-1,COLUMN(X$1)))) -> #REF! | AA5: =IF(INDIRECT("beschriftung.!"&ADDRESS(#REF!*12+ROW($A6)-1,COLUMN(AA$1)))="","",INDIRECT("beschriftung.!"&ADDRESS(#REF!*12+ROW($A6)-1,COLUMN(AA$1)))) -> #REF! | AB5: =IF(INDIRECT("beschriftung.!"&ADDRESS(#REF!*12+ROW($A6)-1,COLUMN(AB$1)))="","",INDIRECT("beschriftung.!"&ADDRESS(#REF!*12+ROW($A6)-1,COLUMN(AB$1)))) -> #REF! | AG5: =IF(INDIRECT("beschriftung.!"&ADDRESS(#REF!*12+ROW($A6)-1,COLUMN(AG$1)))="","",INDIRECT("beschriftung.!"&ADDRESS(#REF!*12+ROW($A6)-1,COLUMN(AG$1)))) -> #REF! | AH5: =IF(INDIRECT("beschriftung.!"&ADDRESS(#REF!*12+ROW($A6)-1,COLUMN(AH$1)))="","",INDIRECT("beschriftung.!"&ADDRESS(#REF!*12+ROW($A6)-1,COLUMN(AH$1)))) -> #REF! | AI5: =IF(INDIRECT("beschriftung.!"&ADDRESS(#REF!*12+ROW($A6)-1,COLUMN(AI$1)))="","",INDIRECT("beschriftung.!"&ADDRESS(#REF!*12+ROW($A6)-1,COLUMN(AI$1)))) -> #REF! | AJ5: =IF(INDIRECT("beschriftung.!"&ADDRESS(#REF!*12+ROW($A6)-1,COLUMN(AJ$1)))="","",INDIRECT("beschriftung.!"&ADDRESS(#REF!*12+ROW($A6)-1,COLUMN(AJ$1)))) -> #REF! | AM5: =IF(INDIRECT("beschriftung.!"&ADDRESS(#REF!*12+ROW($A6)-1,COLUMN(AM$1)))="","",INDIRECT("beschriftung.!"&ADDRESS(#REF!*12+ROW($A6)-1,COLUMN(AM$1)))) -> #REF! | AN5: =IF(INDIRECT("beschriftung.!"&ADDRESS(#REF!*12+ROW($A6)-1,COLUMN(AN$1)))="","",INDIRECT("beschriftung.!"&ADDRESS(#REF!*12+ROW($A6)-1,COLUMN(AN$1)))) -> #REF! | AO5: =IF(INDIRECT("beschriftung.!"&ADDRESS(#REF!*12+ROW($A6)-1,COLUMN(AO$1)))="","",INDIRECT("beschriftung.!"&ADDRESS(#REF!*12+ROW($A6)-1,COLUMN(AO$1)))) -> #REF! | AP5: =IF(INDIRECT("beschriftung.!"&ADDRESS(#REF!*12+ROW($A6)-1,COLUMN(AP$1)))="","",INDIRECT("beschriftung.!"&ADDRESS(#REF!*12+ROW($A6)-1,COLUMN(AP$1)))) -> #REF! | AQ5: =IF(INDIRECT("beschriftung.!"&ADDRESS(#REF!*12+ROW($A6)-1,COLUMN(AQ$1)))="","",INDIRECT("beschriftung.!"&ADDRESS(#REF!*12+ROW($A6)-1,COLUMN(AQ$1)))) -> #REF! | AR5: =IF(INDIRECT("beschriftung.!"&ADDRESS(#REF!*12+ROW($A6)-1,COLUMN(AR$1)))="","",INDIRECT("beschriftung.!"&ADDRESS(#REF!*12+ROW($A6)-1,COLUMN(AR$1)))) -> #REF! | AS5: =IF(INDIRECT("beschriftung.!"&ADDRESS(#REF!*12+ROW($A6)-1,COLUMN(AS$1)))="","",INDIRECT("beschriftung.!"&ADDRESS(#REF!*12+ROW($A6)-1,COLUMN(AS$1)))) -> #REF! | AT5: =IF(INDIRECT("beschriftung.!"&ADDRESS(#REF!*12+ROW($A6)-1,COLUMN(AT$1)))="","",INDIRECT("beschriftung.!"&ADDRESS(#REF!*12+ROW($A6)-1,COLUMN(AT$1)))) -> #REF! | ... AV5: =IF(INDIRECT("beschriftung.!"&ADDRESS(#REF!*12+ROW($A6)-1,COLUMN(AV$1)))="","",INDIRECT("beschriftung.!"&ADDRESS(#REF!*12+ROW($A6)-1,COLUMN(AV$1)))) -> #REF! | AY5: =IF(INDIRECT("beschriftung.!"&ADDRESS(#REF!*12+ROW($A6)-1,COLUMN(AY$1)))="","",INDIRECT("beschriftung.!"&ADDRESS(#REF!*12+ROW($A6)-1,COLUMN(AY$1)))) -> #REF! | AZ5: =IF(INDIRECT("beschriftung.!"&ADDRESS(#REF!*12+ROW($A6)-1,COLUMN(AZ$1)))="","",INDIRECT("beschriftung.!"&ADDRESS(#REF!*12+ROW($A6)-1,COLUMN(AZ$1)))) -> #REF! | BA5: =INDIRECT("beschriftung!"&ADDRESS(beschriftung!$C$1*12+ROW(beschriftung!$A6)-1,COLUMN(beschriftung!AS$1))) -> Adjustments | BB5: =IF(INDIRECT("beschriftung.!"&ADDRESS(#REF!*12+ROW($A6)-1,COLUMN(BB$1)))="","",INDIRECT("beschriftung.!"&ADDRESS(#REF!*12+ROW($A6)-1,COLUMN(BB$1)))) -> #REF! | BC5: =IF(INDIRECT("beschriftung.!"&ADDRESS(#REF!*12+ROW($A6)-1,COLUMN(BC$1)))="","",INDIRECT("beschriftung.!"&ADDRESS(#REF!*12+ROW($A6)-1,COLUMN(BC$1)))) -> #REF! | BD5: =IF(INDIRECT("beschriftung.!"&ADDRESS(#REF!*12+ROW($A6)-1,COLUMN(BD$1)))="","",INDIRECT("beschriftung.!"&ADDRESS(#REF!*12+ROW($A6)-1,COLUMN(BD$1)))) -> #REF! | BE5: =IF(INDIRECT("beschriftung.!"&ADDRESS(#REF!*12+ROW($A6)-1,COLUMN(BE$1)))="","",INDIRECT("beschriftung.!"&ADDRESS(#REF!*12+ROW($A6)-1,COLUMN(BE$1)))) -> #REF! | BF5: =IF(INDIRECT("beschriftung.!"&ADDRESS(#REF!*12+ROW($A6)-1,COLUMN(BF$1)))="","",INDIRECT("beschriftung.!"&ADDRESS(#REF!*12+ROW($A6)-1,COLUMN(BF$1)))) -> #REF!
G6: =INDIRECT("beschriftung!"&ADDRESS(beschriftung!$C$1*12+ROW(beschriftung!$A7)-1,COLUMN(beschriftung!E$1))) -> Agriculture, forestry and fishing | I6: =INDIRECT("beschriftung!"&ADDRESS(beschriftung!$C$1*12+ROW(beschriftung!$A7)-1,COLUMN(beschriftung!G$1))) -> Mining and quarrying | K6: =INDIRECT("beschriftung!"&ADDRESS(beschriftung!$C$1*12+ROW(beschriftung!$A7)-1,COLUMN(beschriftung!I$1))) -> Manufacturing | Q6: =INDIRECT("beschriftung!"&ADDRESS(beschriftung!$C$1*12+ROW(beschriftung!$A7)-1,COLUMN(beschriftung!M$1))) -> Electricity, gas, steam and air conditioning supply | S6: =INDIRECT("beschriftung!"&ADDRESS(beschriftung!$C$1*12+ROW(beschriftung!$A7)-1,COLUMN(beschriftung!O$1))) -> Water supply, sewerage, waste management and remediation activities | U6: =INDIRECT("beschriftung!"&ADDRESS(beschriftung!$C$1*12+ROW(beschriftung!$A7)-1,COLUMN(beschriftung!Q$1))) -> Construction | W6: =INDIRECT("beschriftung!"&ADDRESS(beschriftung!$C$1*12+ROW(beschriftung!$A7)-1,COLUMN(beschriftung!S$1))) -> Trade, repair of motor vehicles and motorcycles | AA6: =INDIRECT("beschriftung!"&ADDRESS(beschriftung!$C$1*12+ROW(beschriftung!$A7)-1,COLUMN(beschriftung!W$1))) -> Transportation and storage | AC6: =INDIRECT("beschriftung!"&ADDRESS(beschriftung!$C$1*12+ROW(beschriftung!$A7)-1,COLUMN(beschriftung!Y$1))) -> Accommodation and food service activities | AE6: =INDIRECT("beschriftung!"&ADDRESS(beschriftung!$C$1*12+ROW(beschriftung!$A7)-1,COLUMN(beschriftung!X$1))) -> Information and communication | AG6: =INDIRECT("beschriftung!"&ADDRESS(beschriftung!$C$1*12+ROW(beschriftung!$A7)-1,COLUMN(beschriftung!AA$1))) -> Financial and insurance activities | AM6: =INDIRECT("beschriftung!"&ADDRESS(beschriftung!$C$1*12+ROW(beschriftung!$A7)-1,COLUMN(beschriftung!AE$1))) -> Real estate, professional, scientific, technical activities and administrative services | AO6: =INDIRECT("beschriftung!"&ADDRESS(beschriftung!$C$1*12+ROW(beschriftung!$A7)-1,COLUMN(beschriftung!AG$1))) -> Public administration | AQ6: =INDIRECT("beschriftung!"&ADDRESS(beschriftung!$C$1*12+ROW(beschriftung!$A7)-1,COLUMN(beschriftung!AI$1))) -> Education | AS6: =INDIRECT("beschriftung!"&ADDRESS(beschriftung!$C$1*12+ROW(beschriftung!$A7)-1,COLUMN(beschriftung!AK$1))) -> Human health and social work activities | AU6: =INDIRECT("beschriftung!"&ADDRESS(beschriftung!$C$1*12+ROW(beschriftung!$A7)-1,COLUMN(beschriftung!AM$1))) -> Arts, entertainment and recreation | AW6: =INDIRECT("beschriftung!"&ADDRESS(beschriftung!$C$1*12+ROW(beschriftung!$A7)-1,COLUMN(beschriftung!AO$1))) -> Other service activities | AY6: =INDIRECT("beschriftung!"&ADDRESS(beschriftung!$C$1*12+ROW(beschriftung!$A7)-1,COLUMN(beschriftung!AQ$1))) -> Activities of housholds as employers and producers for own use | BC6: =INDIRECT("beschriftung!"&ADDRESS(beschriftung!$C$1*12+ROW(beschriftung!$A7)-1,COLUMN(beschriftung!AU$1))) -> Taxes on products | BE6: =INDIRECT("beschriftung!"&ADDRESS(beschriftung!$C$1*12+ROW(beschriftung!$A7)-1,COLUMN(beschriftung!AW$1))) -> Subsidies on products
M8: =INDIRECT("beschriftung!"&ADDRESS(beschriftung!$C$1*12+ROW(beschriftung!$A7),COLUMN(beschriftung!J$1))) -> thereof chemicals and pharmaceuticals | O8: =INDIRECT("beschriftung!"&ADDRESS(beschriftung!$C$1*12+ROW(beschriftung!$A7),COLUMN(beschriftung!K$1))) -> thereof other manufacturing | Y8: =INDIRECT("beschriftung!"&ADDRESS(beschriftung!$C$1*12+ROW(beschriftung!$A7),COLUMN(beschriftung!U$1))) -> thereof retail trade | AI8: =INDIRECT("beschriftung!"&ADDRESS(beschriftung!$C$1*12+ROW(beschriftung!$A7),COLUMN(beschriftung!AB$1))) -> thereof financial activities | AK8: =INDIRECT("beschriftung!"&ADDRESS(beschriftung!$C$1*12+ROW(beschriftung!$A7),COLUMN(beschriftung!AC$1))) -> thereof insurance activities
C11: B1GQ | E11: B1G | G11: NOGA 01-03 | I11: NOGA 05-09 | K11: NOGA 10-33 | M11: NOGA 19-21 | O11: NOGA 10-18; 22-33 | Q11: NOGA 35 | S11: NOGA 36-39 | U11: NOGA 41-43 | W11: NOGA 45-47 | Y11: NOGA 47 | AA11: NOGA 49-53 | AC11: NOGA 55-56 | AE11: NOGA 58-63 | AG11: NOGA 64-66 | AI11: NOGA 64 | AK11: NOGA 65 | AM11: NOGA 68-75; 77-82 | AO11: NOGA 84 | AQ11: NOGA 85 | AS11: NOGA 86-88 | AU11: NOGA 90-93 | AW11: NOGA 94-96 | AY11: NOGA 97-98 | BC11: D21 | BE11: D31
A12: 1980 | B12: 1 | C12: 50870.618
A13: 1980 | B13: 2 | C13: 51589.145 | D13: 0.014124589
A14: 1980 | B14: 3 | C14: 52513.466 | D14: 0.017916971
A15: 1980 | B15: 4 | C15: 53339.752 | D15: 0.015734749
A16: 1981 | B16: 1 | C16: 54375.816 | D16: 0.019423863
A17: 1981 | B17: 2 | C17: 55376.645 | D17: 0.018405779
A18: 1981 | B18: 3 | C18: 56529.103 | D18: 0.020811258
A19: 1981 | B19: 4 | C19: 57563.974 | D19: 0.018306875
A20: 1982 | B20: 1 | C20: 58319.838 | D20: 0.013130849
A21: 1982 | B21: 2 | C21: 59218.778 | D21: 0.015413966
A22: 1982 | B22: 3 | C22: 59558.125 | D22: 0.0057303913
A23: 1982 | B23: 4 | C23: 59956.44 | D23: 0.006687847
A24: 1983 | B24: 1 | C24: 60303.401 | D24: 0.0057868779
... A51: 1989 | B51: 4 | C51: 88956.945 | D51: 0.019393573
A52: 1990 | B52: 1 | C52: 91808.989 | D52: 0.032060943 | E52: 89445.856 | G52: 1960.2375 | I52: 133.81587 | K52: 18186.395 | M52: 2906.6144 | O52: 15279.781 | Q52: 1495.4401 | S52: 719.76595 | U52: 7022.6814 | W52: 15313.873 | Y52: 5173.9942 | AA52: 3712.516 | AC52: 1905.1715 | AE52: 4076.9261 | AG52: 6916.1967 | AI52: 2914.402 | AK52: 3787.8453 | AM52: 12569.222 | AO52: 5664.9838 | AQ52: 3830.8505 | AS52: 3854.4179 | AU52: 299.64157 | AW52: 1491.7816 | AY52: 291.93879 | BA52: 2363.1326 | BC52: 4365.015 | BE52: -2001.8824
A53: 1990 | B53: 2 | C53: 93393.795 | D53: 0.017261995 | E53: 90884.458 | F53: 0.016083491 | G53: 1950.9987 | H53: -0.0047131279 | I53: 135.21476 | J53: 0.01045387 | K53: 18482.001 | L53: 0.016254235 | M53: 2932.5079 | N53: 0.0089084906 | O53: 15549.493 | P53: 0.017651588 | Q53: 1597.6288 | R53: 0.068333481 | S53: 732.8525 | T53: 0.018181675 | U53: 7164.1359 | V53: 0.020142519 | W53: 15497.007 | X53: 0.011958682 | Y53: 5271.4462 | Z53: 0.018834962 | AA53: 3678.8953 | AB53: -0.009056053 | AC53: 2008.5387 | AD53: 0.054256102 | AE53: 4109.7071 | AF53: 0.0080406136 | AG53: 6834.3763 | AH53: -0.011830255 | AI53: 2748.2703 | AJ53: -0.057003702 | AK53: 3879.2698 | AL53: 0.024136293 | AM53: 12813.31 | AN53: 0.019419454 | AO53: 5853.8668 | AP53: 0.033342184 | AQ53: 3985.1021 | AR53: 0.040265624 | AS53: 3914.2832 | AT53: 0.015531608 | AU53: 297.70051 | AV53: -0.0064779232 | AW53: 1526.4271 | AX53: 0.023224222 | AY53: 302.41233 | AZ53: 0.03587581 | BA53: 2509.3373 | BB53: 0.061869015 | BC53: 4481.1211 | BD53: 0.02659924 | BE53: -1971.7838 | BF53: -0.015035152
A54: 1990 | B54: 3 | C54: 94439.244 | D54: 0.011193987 | E54: 91890.878 | F54: 0.011073622 | G54: 1940.9827 | H54: -0.005133735 | I54: 136.77985 | J54: 0.011574872 | K54: 18524.023 | L54: 0.0022736709 | M54: 2955.1093 | N54: 0.0077071875 | O54: 15568.914 | P54: 0.0012489539 | Q54: 1511.3585 | R54: -0.053998958 | S54: 741.93887 | T54: 0.01239863 | U54: 7299.5857 | V54: 0.018906654 | W54: 15459.708 | X54: -0.0024068607 | Y54: 5304.9701 | Z54: 0.0063595412 | AA54: 3703.1908 | AB54: 0.0066040184 | AC54: 2068.6912 | AD54: 0.029948386 | AE54: 4178.9786 | AF54: 0.016855563 | AG54: 6953.1812 | AH54: 0.017383423 | AI54: 2810.8424 | AJ54: 0.022767821 | AK54: 3937.7474 | AL54: 0.015074367 | AM54: 13080.292 | AN54: 0.020836363 | AO54: 6008.9934 | AP54: 0.026499849 | AQ54: 4112.9927 | AR54: 0.032092183 | AS54: 3992.1304 | AT54: 0.019887983 | AU54: 317.67221 | AV54: 0.067086548 | AW54: 1549.4111 | AX54: 0.015057441 | AY54: 310.96731 | AZ54: 0.028289103 | BA54: 2548.3661 | BB54: 0.01555343 | BC54: 4550.5 | BD54: 0.015482493 | BE54: -2002.1339 | BF54: 0.015392216
A55: 1990 | B55: 4 | C55: 95256.881 | D55: 0.0086578082 | E55: 92782.255 | F55: 0.0097003807 | G55: 1925.7276 | H55: -0.0078594991 | I55: 140.55054 | J55: 0.027567598 | K55: 18691.693 | L55: 0.009051451 | M55: 3020.539 | N55: 0.022141201 | O55: 15671.154 | P55: 0.0065669077 | Q55: 1702.0942 | R55: 0.12620151 | S55: 744.21761 | T55: 0.0030713341 | U55: 7369.2126 | V55: 0.0095384641 | W55: 15047.521 | X55: -0.026661992 | Y55: 5263.9002 | Z55: -0.0077417912 | AA55: 3879.9949 | AB55: 0.047743729 | AC55: 2120.0049 | AD55: 0.024804886 | AE55: 4233.1918 | AF55: 0.012972847 | AG55: 6980.7672 | AH55: 0.0039673982 | AI55: 2814.8056 | AJ55: 0.0014099812 | AK55: 3962.7774 | AL55: 0.0063564334 | AM55: 13391.527 | AN55: 0.02379416 | AO55: 6165.2876 | AP55: 0.026010051 | AQ55: 4158.3711 | AR55: 0.011032935 | AS55: 4027.4387 | AT55: 0.0088444761 | AU55: 335.39524 | AV55: 0.055790301 | AW55: 1551.4692 | AX55: 0.0013282717 | AY55: 317.79065 | AZ55: 0.02194233 | BA55: 2474.6264 | BB55: -0.028936048 | BC55: 4522.3249 | BD55: -0.0061916399 | BE55: -2047.6985 | BF55: 0.022758011
A56: 1991 | B56: 1 | C56: 96921.677 | D56: 0.017476911 | E56: 94585.364 | F56: 0.019433777 | G56: 1913.2567 | H56: -0.006475959 | I56: 145.49725 | J56: 0.035195206 | K56: 19027.874 | L56: 0.017985581 | M56: 3084.9596 | N56: 0.021327544 | O56: 15942.914 | P56: 0.017341434 | Q56: 1814.2325 | R56: 0.065882553 | S56: 731.92813 | T56: -0.016513285 | U56: 7370.8441 | V56: 0.00022140091 | W56: 15103.064 | X56: 0.0036911477 | Y56: 5204.512 | Z56: -0.011282157 | AA56: 4174.7032 | AB56: 0.075955847 | AC56: 2163.5884 | AD56: 0.02055822 | AE56: 4406.9816 | AF56: 0.041054074 | AG56: 7255.1677 | AH56: 0.039308074 | AI56: 3081.9617 | AJ56: 0.094911 | AK56: 3953.2416 | AL56: -0.0024063324 | AM56: 13704.239 | AN56: 0.023351503 | AO56: 6281.6841 | AP56: 0.018879337 | AQ56: 4160.8311 | AR56: 0.00059158649 | AS56: 4100.0047 | AT56: 0.018017888 | AU56: 367.51887 | AV56: 0.09577844 | AW56: 1541.2205 | AX56: -0.0066057633 | AY56: 322.72863 | AZ56: 0.015538461 | BA56: 2336.3129 | BB56: -0.055892694 | BC56: 4515.2932 | BD56: -0.0015548951 | BE56: -2178.9803 | BF56: 0.064111878
A57: 1991 | B57: 2 | C57: 97276.914 | D57: 0.0036651918 | E57: 95053.52 | F57: 0.0049495619 | G57: 1956.3475 | H57: 0.022522251 | I57: 148.5414 | J57: 0.02092236 | K57: 19160.399 | L57: 0.0069648139 | M57: 3111.6405 | N57: 0.0086486749 | O57: 16048.759 | P57: 0.0066389862 | Q57: 1762.9788 | R57: -0.028250898 | S57: 723.39972 | T57: -0.011651978 | U57: 7342.7652 | V57: -0.0038094558 | W57: 14514.239 | X57: -0.038987081 | Y57: 5115.597 | Z57: -0.017084209 | AA57: 4440.1346 | AB57: 0.063580887 | AC57: 2189.5206 | AD57: 0.011985741 | AE57: 4517.7465 | AF57: 0.025133958 | AG57: 7394.6292 | AH57: 0.019222363 | AI57: 3203.4481 | AJ57: 0.039418555 | AK57: 3953.1093 | AL57: -3.3470915e-05 | AM57: 13895.627 | AN57: 0.013965624 | AO57: 6397.4218 | AP57: 0.018424625 | AQ57: 4164.941 | AR57: 0.00098775551 | AS57: 4212.7191 | AT57: 0.027491288 | AU57: 380.21971 | AV57: 0.034558336 | AW57: 1523.6657 | AX57: -0.011390242 | AY57: 328.22347 | AZ57: 0.017026191 | BA57: 2223.3933 | BB57: -0.048332387 | BC57: 4497.2264 | BD57: -0.0040012463 | BE57: -2273.8331 | BF57: 0.043530811
A58: 1991 | B58: 3 | C58: 98305.664 | D58: 0.010575483 | E58: 96038.651 | F58: 0.010363959 | G58: 1907.4912 | H58: -0.02497325 | I58: 146.1722 | J58: -0.015949714 | K58: 19298.088 | L58: 0.0071861328 | M58: 3182.9792 | N58: 0.022926396 | O58: 16115.109 | P58: 0.0041343055 | Q58: 1799.3778 | R58: 0.020646263 | S58: 722.78312 | T58: -0.00085236491 | U58: 7294.8263 | V58: -0.0065287259 | W58: 14540.283 | X58: 0.0017943382 | Y58: 5116.2387 | Z58: 0.00012543999 | AA58: 4584.9493 | AB58: 0.032614944 | AC58: 2231.6504 | AD58: 0.019241566 | AE58: 4568.0865 | AF58: 0.011142741 | AG58: 7442.4378 | AH58: 0.0064653226 | AI58: 3236.2727 | AJ58: 0.01024663 | AK58: 3960.3219 | AL58: 0.0018245235 | AM58: 14151.588 | AN58: 0.018420243 | AO58: 6519.6245 | AP58: 0.019101862 | AQ58: 4184.2163 | AR58: 0.0046279994 | AS58: 4386.3782 | AT58: 0.041222577 | AU58: 400.34757 | AV58: 0.052937444 | AW58: 1526.1826 | AX58: 0.0016518597 | AY58: 334.16771 | AZ58: 0.018110343 | BA58: 2267.0129 | BB58: 0.019618466 | BC58: 4608.1617 | BD58: 0.024667485 | BE58: -2341.1488 | BF58: 0.029604503
A59: 1991 | B59: 4 | C59: 99078.617 | D59: 0.0078627551 | E59: 96905.992 | F59: 0.0090311635 | G59: 1865.6717 | H59: -0.021923812 | I59: 140.87055 | J59: -0.036269888 | K59: 19364.794 | L59: 0.0034565787 | M59: 3278.2634 | N59: 0.029935545 | O59: 16086.53 | P59: -0.0017734199 | Q59: 1964.8924 | R59: 0.091984382 | S59: 725.68558 | T59: 0.0040156722 | U59: 7125.61 | V59: -0.023196757 | W59: 14892.448 | X59: 0.024219953 | Y59: 5267.0629 | Z59: 0.029479504 | AA59: 4564.9963 | AB59: -0.0043518513 | AC59: 2238.7314 | AD59: 0.0031729852 | AE59: 4565.0013 | AF59: -0.00067538709 | AG59: 7446.6208 | AH59: 0.00056204666 | AI59: 3228.2247 | AJ59: -0.0024868154 | AK59: 3973.0107 | AL59: 0.0032039827 | AM59: 14423.484 | AN59: 0.01921308 | AO59: 6651.6574 | AP59: 0.020251622 | AQ59: 4248.858 | AR59: 0.015448932 | AS59: 4425.5194 | AT59: 0.0089233609 | AU59: 402.27332 | AV59: 0.0048101885 | AW59: 1518.96 | AX59: -0.0047324388 | AY59: 339.91807 | AZ59: 0.01720799 | BA59: 2172.6255 | BB59: -0.041635141 | BC59: 4527.2015 | BD59: -0.017568855 | BE59: -2354.576 | BF59: 0.0057353379
A60: 1992 | B60: 1 | C60: 99828.955 | D60: 0.0075731521 | E60: 97641.259 | F60: 0.0075874245 | G60: 1825.0402 | H60: -0.021778454 | I60: 131.30507 | J60: -0.067902677 | K60: 19504.207 | L60: 0.0071993371 | M60: 3359.1569 | N60: 0.024675721 | O60: 16145.05 | P60: 0.0036378363 | Q60: 2000.8819 | R60: 0.018316274 | S60: 721.19216 | T60: -0.0061919722 | U60: 7070.3914 | V60: -0.0077493163 | W60: 15077.862 | X60: 0.012450196 | Y60: 5241.2735 | Z60: -0.0048963608 | AA60: 4495.3652 | AB60: -0.015253265 | AC60: 2250.3046 | AD60: 0.0051695235 | AE60: 4597.2487 | AF60: 0.0070640532 | AG60: 7508.2283 | AH60: 0.008273215 | AI60: 3273.1138 | AJ60: 0.01390519 | AK60: 3989.3235 | AL60: 0.0041059239 | AM60: 14670.327 | AN60: 0.017113944 | AO60: 6773.389 | AP60: 0.018300938 | AQ60: 4270.3022 | AR60: 0.0050470392 | AS60: 4490.0438 | AT60: 0.014580056 | AU60: 394.79714 | AV60: -0.018584841 | AW60: 1516.394 | AX60: -0.0016893176 | AY60: 343.97931 | AZ60: 0.011947705 | BA60: 2187.696 | BB60: 0.0069365582 | BC60: 4552.0558 | BD60: 0.0054899924 | BE60: -2364.3598 | BF60: 0.0041552103
A61: 1992 | B61: 2 | C61: 100088.85 | D61: 0.0026034084 | E61: 97983.351 | F61: 0.0035035621 | G61: 1800.9172 | H61: -0.013217802 | I61: 126.23191 | J61: -0.038636381 | K61: 19367.487 | L61: -0.0070097858 | M61: 3359.9698 | N61: 0.00024198601 | O61: 16007.517 | P61: -0.0085185974 | Q61: 2031.8759 | R61: 0.01549017 | S61: 717.42284 | T61: -0.0052265106 | U61: 6933.5164 | V61: -0.019358904 | W61: 15255.767 | X61: 0.01179907 | Y61: 5260.6792 | Z61: 0.0037024852 | AA61: 4507.4693 | AB61: 0.0026925682 | AC61: 2251.4659 | AD61: 0.00051606397 | AE61: 4579.783 | AF61: -0.0037991588 | AG61: 7556.4694 | AH61: 0.0064250976 | AI61: 3284.5987 | AJ61: 0.0035088903 | AK61: 4020.96 | AL61: 0.00793029 | AM61: 14837.577 | AN61: 0.011400578 | AO61: 6865.1795 | AP61: 0.013551641 | AQ61: 4292.7653 | AR61: 0.0052603056 | AS61: 4598.9888 | AT61: 0.024263683 | AU61: 388.2966 | AV61: -0.016465522 | AW61: 1524.3765 | AX61: 0.0052641439 | AY61: 347.76199 | AZ61: 0.010996826 | BA61: 2105.4994 | BB61: -0.037572254 | BC61: 4478.3513 | BD61: -0.016191472 | BE61: -2372.852 | BF61: 0.0035917497
A62: 1992 | B62: 3 | C62: 99659.838 | D62: -0.0042863118 | E62: 97593.906 | F62: -0.0039746045 | G62: 1787.5073 | H62: -0.0074461296 | I62: 125.14152 | J62: -0.008638044 | K62: 19257.679 | L62: -0.0056697221 | M62: 3364.4755 | N62: 0.0013410054 | O62: 15893.203 | P62: -0.0071412702 | Q62: 2140.4242 | R62: 0.053422704 | S62: 714.74124 | T62: -0.0037378288 | U62: 6781.6923 | V62: -0.02189712 | W62: 15096.024 | X62: -0.01047093 | Y62: 5208.9659 | Z62: -0.0098301639 | AA62: 4479.6567 | AB62: -0.0061703178 | AC62: 2255.4731 | AD62: 0.0017798356 | AE62: 4541.857 | AF62: -0.0082811876 | AG62: 7700.8001 | AH62: 0.019100274 | AI62: 3382.0752 | AJ62: 0.029676833 | AK62: 4072.1506 | AL62: 0.012730926 | AM62: 14817.814 | AN62: -0.0013319253 | AO62: 6873.5883 | AP62: 0.0012248369 | AQ62: 4368.6022 | AR62: 0.017666216 | AS62: 4457.6241 | AT62: -0.030738216 | AU62: 343.93483 | AV62: -0.11424712 | AW62: 1500.3331 | AX62: -0.015772636 | AY62: 351.01236 | AZ62: 0.0093465324 | BA62: 2065.9324 | BB62: -0.018792195 | BC62: 4442.7549 | BD62: -0.0079485587 | BE62: -2376.8225 | BF62: 0.0016733097
A63: 1992 | B63: 4 | C63: 99705.188 | D63: 0.00045504463 | E63: 97548.519 | F63: -0.00046505617 | G63: 1721.7502 | H63: -0.036787078 | I63: 125.55149 | J63: 0.0032760614 | K63: 19088.863 | L63: -0.0087661593 | M63: 3412.5943 | N63: 0.014302032 | O63: 15676.269 | P63: -0.013649528 | Q63: 2140.9569 | R63: 0.00024885092 | S63: 716.34617 | T63: 0.0022454704 | U63: 6718.6271 | V63: -0.0092993378 | W63: 14926.601 | X63: -0.011223084 | Y63: 5230.7937 | Z63: 0.0041904307 | AA63: 4367.2609 | AB63: -0.025090278 | AC63: 2256.0726 | AD63: 0.00026579 | AE63: 4460.1878 | AF63: -0.017981456 | AG63: 8206.6619 | AH63: 0.065689517 | AI63: 3800.7513 | AJ63: 0.12379265 | AK63: 4145.7835 | AL63: 0.018082071 | AM63: 14817.087 | AN63: -4.9103667e-05 | AO63: 6858.7578 | AP63: -0.0021576052 | AQ63: 4477.0947 | AR63: 0.024834598 | AS63: 4499.2802 | AT63: 0.0093449233 | AU63: 329.76795 | AV63: -0.041190586 | AW63: 1484.9055 | AX63: -0.010282766 | AY63: 352.74803 | AZ63: 0.004944778 | BA63: 2156.6687 | BB63: 0.043920276 | BC63: 4523.7982 | BD63: 0.018241672 | BE63: -2367.1295 | BF63: -0.0040781523
A64: 1993 | B64: 1 | C64: 100044.12 | D64: 0.0033993876 | E64: 97808.899 | F64: 0.0026692375 | G64: 1719.1451 | H64: -0.0015130652 | I64: 128.38043 | J64: 0.022532105 | K64: 19212.082 | L64: 0.0064550185 | M64: 3494.5917 | N64: 0.024027876 | O64: 15717.49 | P64: 0.0026295523 | Q64: 2158.5593 | R64: 0.0082217471 | S64: 700.62502 | T64: -0.021946292 | U64: 6528.8053 | V64: -0.028253069 | W64: 14692.28 | X64: -0.01569819 | Y64: 5149.778 | Z64: -0.01548822 | AA64: 4247.162 | AB64: -0.027499836 | AC64: 2268.3241 | AD64: 0.00543045 | AE64: 4425.0902 | AF64: -0.0078690791 | AG64: 8759.2155 | AH64: 0.067329887 | AI64: 4231.4451 | AJ64: 0.11331806 | AK64: 4243.6159 | AL64: 0.023598046 | AM64: 14817.164 | AN64: 5.2068491e-06 | AO64: 6879.7714 | AP64: 0.003063763 | AQ64: 4586.3436 | AR64: 0.02440174 | AS64: 4522.4472 | AT64: 0.0051490383 | AU64: 329.77524 | AV64: 2.2095264e-05 | AW64: 1479.3214 | AX64: -0.0037605335 | AY64: 354.40815 | AZ64: 0.0047062488 | BA64: 2235.2251 | BB64: 0.036424889 | BC64: 4602.3397 | BD64: 0.017361853 | BE64: -2367.1146 | BF64: -6.293875e-06
... A197: 2026 | B197: 2 | C197: 225390.74 | D197: 0.014908146 | E197: 219235.12 | F197: 0.014237079 | G197: 1273.5744 | H197: -0.023203255 | I197: 187.4162 | J197: -0.051499159 | K197: 41989.663 | L197: 0.029989145 | M197: 16980.852 | N197: 0.10960527 | O197: 25008.811 | P197: -0.017859807 | Q197: 2772.6832 | R197: 0.033430722 | S197: 684.50572 | T197: -0.0057091751 | U197: 10242.029 | V197: 0.0036574686 | W197: 34230.11 | X197: 0.022494571 | Y197: 6862.7767 | Z197: 0.0059824771 | AA197: 8175.0022 | AB197: 0.019773859 | AC197: 4073.7504 | AD197: 0.014503646 | AE197: 10390.91 | AF197: 0.010488521 | AG197: 19687.003 | AH197: 0.0017748855 | AI197: 8663.4954 | AJ197: 0.015858847 | AK197: 7094.0992 | AL197: -0.019654587 | AM197: 39900.947 | AN197: 0.0096048832 | AO197: 14365.763 | AP197: 0.0048158404 | AQ197: 9240.4383 | AR197: 0.00089551741 | AS197: 16913.234 | AT197: 0.0086327329 | AU197: 1781.9429 | AV197: 0.039026282 | AW197: 2692.2839 | AX197: -0.0040151732 | AY197: 633.85972 | AZ197: 0.0033722769 | BA197: 6155.6197 | BB197: 0.039401498 | BC197: 11114.238 | BD197: 0.021991467 | BE197: -4958.6188 | BF197: 0.0011735793

Sheet real_q
A1: =INDIRECT("beschriftung!"&ADDRESS(beschriftung!$C$1*12+ROW(beschriftung!$A1)-1,COLUMN(beschriftung!A$1))) -> ESA 2010, Quarterly aggregates of Gross Domestic Product, production approach, seasonally, calendar and sport event adjusted data. Background information on sport event adjustment can be found in the publication “Konjunkturtendenzen” (“Economic Trends”) from autumn 2022 and in the technical note from 5 September 2022 on the website www.seco.admin.ch.
A2: =INDIRECT("beschriftung!"&ADDRESS(beschriftung!$C$1*12+ROW(beschriftung!$A3)-1,COLUMN(beschriftung!A$1))) -> In Mio. Swiss Francs, at prices of the preceding year, chained values ("annual overlap"), reference year 2020, percentage change to previous quarter
C4: =INDIRECT("beschriftung!"&ADDRESS(beschriftung!$C$1*12+ROW(beschriftung!$A5)-1,COLUMN(beschriftung!C$1))) -> Gross domestic product | D4: =IF(INDIRECT("beschriftung.!"&ADDRESS(#REF!*12+ROW($A5)-1,COLUMN(D$1)))="","",INDIRECT("beschriftung.!"&ADDRESS(#REF!*12+ROW($A5)-1,COLUMN(D$1)))) -> #REF! | E4: =IF(INDIRECT("beschriftung.!"&ADDRESS(#REF!*12+ROW($A5)-1,COLUMN(E$1)))="","",INDIRECT("beschriftung.!"&ADDRESS(#REF!*12+ROW($A5)-1,COLUMN(E$1)))) -> #REF! | F4: =IF(INDIRECT("beschriftung.!"&ADDRESS(#REF!*12+ROW($A5)-1,COLUMN(F$1)))="","",INDIRECT("beschriftung.!"&ADDRESS(#REF!*12+ROW($A5)-1,COLUMN(F$1)))) -> #REF! | G4: =IF(INDIRECT("beschriftung.!"&ADDRESS(#REF!*12+ROW($A5)-1,COLUMN(G$1)))="","",INDIRECT("beschriftung.!"&ADDRESS(#REF!*12+ROW($A5)-1,COLUMN(G$1)))) -> #REF! | H4: =IF(INDIRECT("beschriftung.!"&ADDRESS(#REF!*12+ROW($A5)-1,COLUMN(H$1)))="","",INDIRECT("beschriftung.!"&ADDRESS(#REF!*12+ROW($A5)-1,COLUMN(H$1)))) -> #REF! | I4: =IF(INDIRECT("beschriftung.!"&ADDRESS(#REF!*12+ROW($A5)-1,COLUMN(I$1)))="","",INDIRECT("beschriftung.!"&ADDRESS(#REF!*12+ROW($A5)-1,COLUMN(I$1)))) -> #REF! | J4: =IF(INDIRECT("beschriftung.!"&ADDRESS(#REF!*12+ROW($A5)-1,COLUMN(J$1)))="","",INDIRECT("beschriftung.!"&ADDRESS(#REF!*12+ROW($A5)-1,COLUMN(J$1)))) -> #REF! | K4: =IF(INDIRECT("beschriftung.!"&ADDRESS(#REF!*12+ROW($A5)-1,COLUMN(K$1)))="","",INDIRECT("beschriftung.!"&ADDRESS(#REF!*12+ROW($A5)-1,COLUMN(K$1)))) -> #REF! | L4: =IF(INDIRECT("beschriftung.!"&ADDRESS(#REF!*12+ROW($A5)-1,COLUMN(L$1)))="","",INDIRECT("beschriftung.!"&ADDRESS(#REF!*12+ROW($A5)-1,COLUMN(L$1)))) -> #REF! | Q4: =IF(INDIRECT("beschriftung.!"&ADDRESS(#REF!*12+ROW($A5)-1,COLUMN(Q$1)))="","",INDIRECT("beschriftung.!"&ADDRESS(#REF!*12+ROW($A5)-1,COLUMN(Q$1)))) -> #REF! | R4: =IF(INDIRECT("beschriftung.!"&ADDRESS(#REF!*12+ROW($A5)-1,COLUMN(R$1)))="","",INDIRECT("beschriftung.!"&ADDRESS(#REF!*12+ROW($A5)-1,COLUMN(R$1)))) -> #REF! | U4: =IF(INDIRECT("beschriftung.!"&ADDRESS(#REF!*12+ROW($A5)-1,COLUMN(U$1)))="","",INDIRECT("beschriftung.!"&ADDRESS(#REF!*12+ROW($A5)-1,COLUMN(U$1)))) -> #REF! | V4: =IF(INDIRECT("beschriftung.!"&ADDRESS(#REF!*12+ROW($A5)-1,COLUMN(V$1)))="","",INDIRECT("beschriftung.!"&ADDRESS(#REF!*12+ROW($A5)-1,COLUMN(V$1)))) -> #REF! | W4: =IF(INDIRECT("beschriftung.!"&ADDRESS(#REF!*12+ROW($A5)-1,COLUMN(W$1)))="","",INDIRECT("beschriftung.!"&ADDRESS(#REF!*12+ROW($A5)-1,COLUMN(W$1)))) -> #REF! | X4: =IF(INDIRECT("beschriftung.!"&ADDRESS(#REF!*12+ROW($A5)-1,COLUMN(X$1)))="","",INDIRECT("beschriftung.!"&ADDRESS(#REF!*12+ROW($A5)-1,COLUMN(X$1)))) -> #REF! | AA4: =IF(INDIRECT("beschriftung.!"&ADDRESS(#REF!*12+ROW($A5)-1,COLUMN(AA$1)))="","",INDIRECT("beschriftung.!"&ADDRESS(#REF!*12+ROW($A5)-1,COLUMN(AA$1)))) -> #REF! | AB4: =IF(INDIRECT("beschriftung.!"&ADDRESS(#REF!*12+ROW($A5)-1,COLUMN(AB$1)))="","",INDIRECT("beschriftung.!"&ADDRESS(#REF!*12+ROW($A5)-1,COLUMN(AB$1)))) -> #REF! | AG4: =IF(INDIRECT("beschriftung.!"&ADDRESS(#REF!*12+ROW($A5)-1,COLUMN(AG$1)))="","",INDIRECT("beschriftung.!"&ADDRESS(#REF!*12+ROW($A5)-1,COLUMN(AG$1)))) -> #REF! | AH4: =IF(INDIRECT("beschriftung.!"&ADDRESS(#REF!*12+ROW($A5)-1,COLUMN(AH$1)))="","",INDIRECT("beschriftung.!"&ADDRESS(#REF!*12+ROW($A5)-1,COLUMN(AH$1)))) -> #REF! | AI4: =IF(INDIRECT("beschriftung.!"&ADDRESS(#REF!*12+ROW($A5)-1,COLUMN(AI$1)))="","",INDIRECT("beschriftung.!"&ADDRESS(#REF!*12+ROW($A5)-1,COLUMN(AI$1)))) -> #REF! | AJ4: =IF(INDIRECT("beschriftung.!"&ADDRESS(#REF!*12+ROW($A5)-1,COLUMN(AJ$1)))="","",INDIRECT("beschriftung.!"&ADDRESS(#REF!*12+ROW($A5)-1,COLUMN(AJ$1)))) -> #REF! | AM4: =IF(INDIRECT("beschriftung.!"&ADDRESS(#REF!*12+ROW($A5)-1,COLUMN(AM$1)))="","",INDIRECT("beschriftung.!"&ADDRESS(#REF!*12+ROW($A5)-1,COLUMN(AM$1)))) -> #REF! | AN4: =IF(INDIRECT("beschriftung.!"&ADDRESS(#REF!*12+ROW($A5)-1,COLUMN(AN$1)))="","",INDIRECT("beschriftung.!"&ADDRESS(#REF!*12+ROW($A5)-1,COLUMN(AN$1)))) -> #REF! | AO4: =IF(INDIRECT("beschriftung.!"&ADDRESS(#REF!*12+ROW($A5)-1,COLUMN(AO$1)))="","",INDIRECT("beschriftung.!"&ADDRESS(#REF!*12+ROW($A5)-1,COLUMN(AO$1)))) -> #REF! | AP4: =IF(INDIRECT("beschriftung.!"&ADDRESS(#REF!*12+ROW($A5)-1,COLUMN(AP$1)))="","",INDIRECT("beschriftung.!"&ADDRESS(#REF!*12+ROW($A5)-1,COLUMN(AP$1)))) -> #REF! | AQ4: =IF(INDIRECT("beschriftung.!"&ADDRESS(#REF!*12+ROW($A5)-1,COLUMN(AQ$1)))="","",INDIRECT("beschriftung.!"&ADDRESS(#REF!*12+ROW($A5)-1,COLUMN(AQ$1)))) -> #REF! | AR4: =IF(INDIRECT("beschriftung.!"&ADDRESS(#REF!*12+ROW($A5)-1,COLUMN(AR$1)))="","",INDIRECT("beschriftung.!"&ADDRESS(#REF!*12+ROW($A5)-1,COLUMN(AR$1)))) -> #REF! | AS4: =IF(INDIRECT("beschriftung.!"&ADDRESS(#REF!*12+ROW($A5)-1,COLUMN(AS$1)))="","",INDIRECT("beschriftung.!"&ADDRESS(#REF!*12+ROW($A5)-1,COLUMN(AS$1)))) -> #REF! | AT4: =IF(INDIRECT("beschriftung.!"&ADDRESS(#REF!*12+ROW($A5)-1,COLUMN(AT$1)))="","",INDIRECT("beschriftung.!"&ADDRESS(#REF!*12+ROW($A5)-1,COLUMN(AT$1)))) -> #REF! | ... AV4: =IF(INDIRECT("beschriftung.!"&ADDRESS(#REF!*12+ROW($A5)-1,COLUMN(AV$1)))="","",INDIRECT("beschriftung.!"&ADDRESS(#REF!*12+ROW($A5)-1,COLUMN(AV$1)))) -> #REF! | AY4: =IF(INDIRECT("beschriftung.!"&ADDRESS(#REF!*12+ROW($A5)-1,COLUMN(AY$1)))="","",INDIRECT("beschriftung.!"&ADDRESS(#REF!*12+ROW($A5)-1,COLUMN(AY$1)))) -> #REF! | AZ4: =IF(INDIRECT("beschriftung.!"&ADDRESS(#REF!*12+ROW($A5)-1,COLUMN(AZ$1)))="","",INDIRECT("beschriftung.!"&ADDRESS(#REF!*12+ROW($A5)-1,COLUMN(AZ$1)))) -> #REF! | BA4: =IF(INDIRECT("beschriftung.!"&ADDRESS(#REF!*12+ROW($A5)-1,COLUMN(BA$1)))="","",INDIRECT("beschriftung.!"&ADDRESS(#REF!*12+ROW($A5)-1,COLUMN(BA$1)))) -> #REF! | BB4: =IF(INDIRECT("beschriftung.!"&ADDRESS(#REF!*12+ROW($A5)-1,COLUMN(BB$1)))="","",INDIRECT("beschriftung.!"&ADDRESS(#REF!*12+ROW($A5)-1,COLUMN(BB$1)))) -> #REF! | BC4: =IF(INDIRECT("beschriftung.!"&ADDRESS(#REF!*12+ROW($A5)-1,COLUMN(BC$1)))="","",INDIRECT("beschriftung.!"&ADDRESS(#REF!*12+ROW($A5)-1,COLUMN(BC$1)))) -> #REF! | BD4: =IF(INDIRECT("beschriftung.!"&ADDRESS(#REF!*12+ROW($A5)-1,COLUMN(BD$1)))="","",INDIRECT("beschriftung.!"&ADDRESS(#REF!*12+ROW($A5)-1,COLUMN(BD$1)))) -> #REF! | BE4: =IF(INDIRECT("beschriftung.!"&ADDRESS(#REF!*12+ROW($A5)-1,COLUMN(BE$1)))="","",INDIRECT("beschriftung.!"&ADDRESS(#REF!*12+ROW($A5)-1,COLUMN(BE$1)))) -> #REF! | BF4: =IF(INDIRECT("beschriftung.!"&ADDRESS(#REF!*12+ROW($A5)-1,COLUMN(BF$1)))="","",INDIRECT("beschriftung.!"&ADDRESS(#REF!*12+ROW($A5)-1,COLUMN(BF$1)))) -> #REF!
E5: =INDIRECT("beschriftung!"&ADDRESS(beschriftung!$C$1*12+ROW(beschriftung!$A6)-1,COLUMN(beschriftung!D$1))) -> Gross value added before adjustments | F5: =IF(INDIRECT("beschriftung.!"&ADDRESS(#REF!*12+ROW($A6)-1,COLUMN(F$1)))="","",INDIRECT("beschriftung.!"&ADDRESS(#REF!*12+ROW($A6)-1,COLUMN(F$1)))) -> #REF! | G5: =IF(INDIRECT("beschriftung.!"&ADDRESS(#REF!*12+ROW($A6)-1,COLUMN(G$1)))="","",INDIRECT("beschriftung.!"&ADDRESS(#REF!*12+ROW($A6)-1,COLUMN(G$1)))) -> #REF! | H5: =IF(INDIRECT("beschriftung.!"&ADDRESS(#REF!*12+ROW($A6)-1,COLUMN(H$1)))="","",INDIRECT("beschriftung.!"&ADDRESS(#REF!*12+ROW($A6)-1,COLUMN(H$1)))) -> #REF! | I5: =IF(INDIRECT("beschriftung.!"&ADDRESS(#REF!*12+ROW($A6)-1,COLUMN(I$1)))="","",INDIRECT("beschriftung.!"&ADDRESS(#REF!*12+ROW($A6)-1,COLUMN(I$1)))) -> #REF! | J5: =IF(INDIRECT("beschriftung.!"&ADDRESS(#REF!*12+ROW($A6)-1,COLUMN(J$1)))="","",INDIRECT("beschriftung.!"&ADDRESS(#REF!*12+ROW($A6)-1,COLUMN(J$1)))) -> #REF! | K5: =IF(INDIRECT("beschriftung.!"&ADDRESS(#REF!*12+ROW($A6)-1,COLUMN(K$1)))="","",INDIRECT("beschriftung.!"&ADDRESS(#REF!*12+ROW($A6)-1,COLUMN(K$1)))) -> #REF! | L5: =IF(INDIRECT("beschriftung.!"&ADDRESS(#REF!*12+ROW($A6)-1,COLUMN(L$1)))="","",INDIRECT("beschriftung.!"&ADDRESS(#REF!*12+ROW($A6)-1,COLUMN(L$1)))) -> #REF! | Q5: =IF(INDIRECT("beschriftung.!"&ADDRESS(#REF!*12+ROW($A6)-1,COLUMN(Q$1)))="","",INDIRECT("beschriftung.!"&ADDRESS(#REF!*12+ROW($A6)-1,COLUMN(Q$1)))) -> #REF! | R5: =IF(INDIRECT("beschriftung.!"&ADDRESS(#REF!*12+ROW($A6)-1,COLUMN(R$1)))="","",INDIRECT("beschriftung.!"&ADDRESS(#REF!*12+ROW($A6)-1,COLUMN(R$1)))) -> #REF! | U5: =IF(INDIRECT("beschriftung.!"&ADDRESS(#REF!*12+ROW($A6)-1,COLUMN(U$1)))="","",INDIRECT("beschriftung.!"&ADDRESS(#REF!*12+ROW($A6)-1,COLUMN(U$1)))) -> #REF! | V5: =IF(INDIRECT("beschriftung.!"&ADDRESS(#REF!*12+ROW($A6)-1,COLUMN(V$1)))="","",INDIRECT("beschriftung.!"&ADDRESS(#REF!*12+ROW($A6)-1,COLUMN(V$1)))) -> #REF! | W5: =IF(INDIRECT("beschriftung.!"&ADDRESS(#REF!*12+ROW($A6)-1,COLUMN(W$1)))="","",INDIRECT("beschriftung.!"&ADDRESS(#REF!*12+ROW($A6)-1,COLUMN(W$1)))) -> #REF! | X5: =IF(INDIRECT("beschriftung.!"&ADDRESS(#REF!*12+ROW($A6)-1,COLUMN(X$1)))="","",INDIRECT("beschriftung.!"&ADDRESS(#REF!*12+ROW($A6)-1,COLUMN(X$1)))) -> #REF! | AA5: =IF(INDIRECT("beschriftung.!"&ADDRESS(#REF!*12+ROW($A6)-1,COLUMN(AA$1)))="","",INDIRECT("beschriftung.!"&ADDRESS(#REF!*12+ROW($A6)-1,COLUMN(AA$1)))) -> #REF! | AB5: =IF(INDIRECT("beschriftung.!"&ADDRESS(#REF!*12+ROW($A6)-1,COLUMN(AB$1)))="","",INDIRECT("beschriftung.!"&ADDRESS(#REF!*12+ROW($A6)-1,COLUMN(AB$1)))) -> #REF! | AG5: =IF(INDIRECT("beschriftung.!"&ADDRESS(#REF!*12+ROW($A6)-1,COLUMN(AG$1)))="","",INDIRECT("beschriftung.!"&ADDRESS(#REF!*12+ROW($A6)-1,COLUMN(AG$1)))) -> #REF! | AH5: =IF(INDIRECT("beschriftung.!"&ADDRESS(#REF!*12+ROW($A6)-1,COLUMN(AH$1)))="","",INDIRECT("beschriftung.!"&ADDRESS(#REF!*12+ROW($A6)-1,COLUMN(AH$1)))) -> #REF! | AI5: =IF(INDIRECT("beschriftung.!"&ADDRESS(#REF!*12+ROW($A6)-1,COLUMN(AI$1)))="","",INDIRECT("beschriftung.!"&ADDRESS(#REF!*12+ROW($A6)-1,COLUMN(AI$1)))) -> #REF! | AJ5: =IF(INDIRECT("beschriftung.!"&ADDRESS(#REF!*12+ROW($A6)-1,COLUMN(AJ$1)))="","",INDIRECT("beschriftung.!"&ADDRESS(#REF!*12+ROW($A6)-1,COLUMN(AJ$1)))) -> #REF! | AM5: =IF(INDIRECT("beschriftung.!"&ADDRESS(#REF!*12+ROW($A6)-1,COLUMN(AM$1)))="","",INDIRECT("beschriftung.!"&ADDRESS(#REF!*12+ROW($A6)-1,COLUMN(AM$1)))) -> #REF! | AN5: =IF(INDIRECT("beschriftung.!"&ADDRESS(#REF!*12+ROW($A6)-1,COLUMN(AN$1)))="","",INDIRECT("beschriftung.!"&ADDRESS(#REF!*12+ROW($A6)-1,COLUMN(AN$1)))) -> #REF! | AO5: =IF(INDIRECT("beschriftung.!"&ADDRESS(#REF!*12+ROW($A6)-1,COLUMN(AO$1)))="","",INDIRECT("beschriftung.!"&ADDRESS(#REF!*12+ROW($A6)-1,COLUMN(AO$1)))) -> #REF! | AP5: =IF(INDIRECT("beschriftung.!"&ADDRESS(#REF!*12+ROW($A6)-1,COLUMN(AP$1)))="","",INDIRECT("beschriftung.!"&ADDRESS(#REF!*12+ROW($A6)-1,COLUMN(AP$1)))) -> #REF! | AQ5: =IF(INDIRECT("beschriftung.!"&ADDRESS(#REF!*12+ROW($A6)-1,COLUMN(AQ$1)))="","",INDIRECT("beschriftung.!"&ADDRESS(#REF!*12+ROW($A6)-1,COLUMN(AQ$1)))) -> #REF! | AR5: =IF(INDIRECT("beschriftung.!"&ADDRESS(#REF!*12+ROW($A6)-1,COLUMN(AR$1)))="","",INDIRECT("beschriftung.!"&ADDRESS(#REF!*12+ROW($A6)-1,COLUMN(AR$1)))) -> #REF! | AS5: =IF(INDIRECT("beschriftung.!"&ADDRESS(#REF!*12+ROW($A6)-1,COLUMN(AS$1)))="","",INDIRECT("beschriftung.!"&ADDRESS(#REF!*12+ROW($A6)-1,COLUMN(AS$1)))) -> #REF! | AT5: =IF(INDIRECT("beschriftung.!"&ADDRESS(#REF!*12+ROW($A6)-1,COLUMN(AT$1)))="","",INDIRECT("beschriftung.!"&ADDRESS(#REF!*12+ROW($A6)-1,COLUMN(AT$1)))) -> #REF! | ... AV5: =IF(INDIRECT("beschriftung.!"&ADDRESS(#REF!*12+ROW($A6)-1,COLUMN(AV$1)))="","",INDIRECT("beschriftung.!"&ADDRESS(#REF!*12+ROW($A6)-1,COLUMN(AV$1)))) -> #REF! | AY5: =IF(INDIRECT("beschriftung.!"&ADDRESS(#REF!*12+ROW($A6)-1,COLUMN(AY$1)))="","",INDIRECT("beschriftung.!"&ADDRESS(#REF!*12+ROW($A6)-1,COLUMN(AY$1)))) -> #REF! | AZ5: =IF(INDIRECT("beschriftung.!"&ADDRESS(#REF!*12+ROW($A6)-1,COLUMN(AZ$1)))="","",INDIRECT("beschriftung.!"&ADDRESS(#REF!*12+ROW($A6)-1,COLUMN(AZ$1)))) -> #REF! | BA5: =INDIRECT("beschriftung!"&ADDRESS(beschriftung!$C$1*12+ROW(beschriftung!$A6)-1,COLUMN(beschriftung!AS$1))) -> Adjustments | BB5: =IF(INDIRECT("beschriftung.!"&ADDRESS(#REF!*12+ROW($A6)-1,COLUMN(BB$1)))="","",INDIRECT("beschriftung.!"&ADDRESS(#REF!*12+ROW($A6)-1,COLUMN(BB$1)))) -> #REF! | BC5: =IF(INDIRECT("beschriftung.!"&ADDRESS(#REF!*12+ROW($A6)-1,COLUMN(BC$1)))="","",INDIRECT("beschriftung.!"&ADDRESS(#REF!*12+ROW($A6)-1,COLUMN(BC$1)))) -> #REF! | BD5: =IF(INDIRECT("beschriftung.!"&ADDRESS(#REF!*12+ROW($A6)-1,COLUMN(BD$1)))="","",INDIRECT("beschriftung.!"&ADDRESS(#REF!*12+ROW($A6)-1,COLUMN(BD$1)))) -> #REF! | BE5: =IF(INDIRECT("beschriftung.!"&ADDRESS(#REF!*12+ROW($A6)-1,COLUMN(BE$1)))="","",INDIRECT("beschriftung.!"&ADDRESS(#REF!*12+ROW($A6)-1,COLUMN(BE$1)))) -> #REF! | BF5: =IF(INDIRECT("beschriftung.!"&ADDRESS(#REF!*12+ROW($A6)-1,COLUMN(BF$1)))="","",INDIRECT("beschriftung.!"&ADDRESS(#REF!*12+ROW($A6)-1,COLUMN(BF$1)))) -> #REF!
G6: =INDIRECT("beschriftung!"&ADDRESS(beschriftung!$C$1*12+ROW(beschriftung!$A7)-1,COLUMN(beschriftung!E$1))) -> Agriculture, forestry and fishing | I6: =INDIRECT("beschriftung!"&ADDRESS(beschriftung!$C$1*12+ROW(beschriftung!$A7)-1,COLUMN(beschriftung!G$1))) -> Mining and quarrying | K6: =INDIRECT("beschriftung!"&ADDRESS(beschriftung!$C$1*12+ROW(beschriftung!$A7)-1,COLUMN(beschriftung!I$1))) -> Manufacturing | Q6: =INDIRECT("beschriftung!"&ADDRESS(beschriftung!$C$1*12+ROW(beschriftung!$A7)-1,COLUMN(beschriftung!M$1))) -> Electricity, gas, steam and air conditioning supply | S6: =INDIRECT("beschriftung!"&ADDRESS(beschriftung!$C$1*12+ROW(beschriftung!$A7)-1,COLUMN(beschriftung!O$1))) -> Water supply, sewerage, waste management and remediation activities | U6: =INDIRECT("beschriftung!"&ADDRESS(beschriftung!$C$1*12+ROW(beschriftung!$A7)-1,COLUMN(beschriftung!Q$1))) -> Construction | W6: =INDIRECT("beschriftung!"&ADDRESS(beschriftung!$C$1*12+ROW(beschriftung!$A7)-1,COLUMN(beschriftung!S$1))) -> Trade, repair of motor vehicles and motorcycles | AA6: =INDIRECT("beschriftung!"&ADDRESS(beschriftung!$C$1*12+ROW(beschriftung!$A7)-1,COLUMN(beschriftung!W$1))) -> Transportation and storage | AC6: =INDIRECT("beschriftung!"&ADDRESS(beschriftung!$C$1*12+ROW(beschriftung!$A7)-1,COLUMN(beschriftung!Y$1))) -> Accommodation and food service activities | AE6: =INDIRECT("beschriftung!"&ADDRESS(beschriftung!$C$1*12+ROW(beschriftung!$A7)-1,COLUMN(beschriftung!X$1))) -> Information and communication | AG6: =INDIRECT("beschriftung!"&ADDRESS(beschriftung!$C$1*12+ROW(beschriftung!$A7)-1,COLUMN(beschriftung!AA$1))) -> Financial and insurance activities | AM6: =INDIRECT("beschriftung!"&ADDRESS(beschriftung!$C$1*12+ROW(beschriftung!$A7)-1,COLUMN(beschriftung!AE$1))) -> Real estate, professional, scientific, technical activities and administrative services | AO6: =INDIRECT("beschriftung!"&ADDRESS(beschriftung!$C$1*12+ROW(beschriftung!$A7)-1,COLUMN(beschriftung!AG$1))) -> Public administration | AQ6: =INDIRECT("beschriftung!"&ADDRESS(beschriftung!$C$1*12+ROW(beschriftung!$A7)-1,COLUMN(beschriftung!AI$1))) -> Education | AS6: =INDIRECT("beschriftung!"&ADDRESS(beschriftung!$C$1*12+ROW(beschriftung!$A7)-1,COLUMN(beschriftung!AK$1))) -> Human health and social work activities | AU6: =INDIRECT("beschriftung!"&ADDRESS(beschriftung!$C$1*12+ROW(beschriftung!$A7)-1,COLUMN(beschriftung!AM$1))) -> Arts, entertainment and recreation | AW6: =INDIRECT("beschriftung!"&ADDRESS(beschriftung!$C$1*12+ROW(beschriftung!$A7)-1,COLUMN(beschriftung!AO$1))) -> Other service activities | AY6: =INDIRECT("beschriftung!"&ADDRESS(beschriftung!$C$1*12+ROW(beschriftung!$A7)-1,COLUMN(beschriftung!AQ$1))) -> Activities of housholds as employers and producers for own use | BC6: =INDIRECT("beschriftung!"&ADDRESS(beschriftung!$C$1*12+ROW(beschriftung!$A7)-1,COLUMN(beschriftung!AU$1))) -> Taxes on products | BE6: =INDIRECT("beschriftung!"&ADDRESS(beschriftung!$C$1*12+ROW(beschriftung!$A7)-1,COLUMN(beschriftung!AW$1))) -> Subsidies on products
M8: =INDIRECT("beschriftung!"&ADDRESS(beschriftung!$C$1*12+ROW(beschriftung!$A7),COLUMN(beschriftung!J$1))) -> thereof chemicals and pharmaceuticals | O8: =INDIRECT("beschriftung!"&ADDRESS(beschriftung!$C$1*12+ROW(beschriftung!$A7),COLUMN(beschriftung!K$1))) -> thereof other manufacturing | Y8: =INDIRECT("beschriftung!"&ADDRESS(beschriftung!$C$1*12+ROW(beschriftung!$A7),COLUMN(beschriftung!U$1))) -> thereof retail trade | AI8: =INDIRECT("beschriftung!"&ADDRESS(beschriftung!$C$1*12+ROW(beschriftung!$A7),COLUMN(beschriftung!AB$1))) -> thereof financial activities | AK8: {=INDIRECT("beschriftung!"&ADDRESS(beschriftung!$C$1*12+ROW(beschriftung!$A7),COLUMN(beschriftung!AC$1)))} -> thereof insurance activities
C11: B1GQ | E11: B1G | G11: NOGA 01-03 | I11: NOGA 05-09 | K11: NOGA 10-33 | M11: NOGA 19-21 | O11: NOGA 10-18; 22-33 | Q11: NOGA 35 | S11: NOGA 36-39 | U11: NOGA 41-43 | W11: NOGA 45-47 | Y11: NOGA 47 | AA11: NOGA 49-53 | AC11: NOGA 55-56 | AE11: NOGA 58-63 | AG11: NOGA 64-66 | AI11: NOGA 64 | AK11: NOGA 65 | AM11: NOGA 68-75; 77-82 | AO11: NOGA 84 | AQ11: NOGA 85 | AS11: NOGA 86-88 | AU11: NOGA 90-93 | AW11: NOGA 94-96 | AY11: NOGA 97-98 | BC11: D21 | BE11: D31
A12: 1980 | B12: 1 | C12: 91185.622
A13: 1980 | B13: 2 | C13: 91648.332 | D13: 0.0050743826
A14: 1980 | B14: 3 | C14: 92095.817 | D14: 0.0048826237
A15: 1980 | B15: 4 | C15: 92633.411 | D15: 0.005837342
A16: 1981 | B16: 1 | C16: 92652.065 | D16: 0.00020137038
A17: 1981 | B17: 2 | C17: 93533.535 | D17: 0.009513762
A18: 1981 | B18: 3 | C18: 93814.683 | D18: 0.0030058534
A19: 1981 | B19: 4 | C19: 93668.852 | D19: -0.0015544579
A20: 1982 | B20: 1 | C20: 92862.801 | D20: -0.0086053238
A21: 1982 | B21: 2 | C21: 92384.199 | D21: -0.0051538672
A22: 1982 | B22: 3 | C22: 91723.691 | D22: -0.0071495693
A23: 1982 | B23: 4 | C23: 91723.293 | D23: -4.3453781e-06
A24: 1983 | B24: 1 | C24: 92197.424 | D24: 0.0051691476
... A51: 1989 | B51: 4 | C51: 112183.34 | D51: 0.0092922007
A52: 1990 | B52: 1 | C52: 114393.67 | D52: 0.019702806 | E52: 111956.54 | G52: 1283.4175 | I52: 198.76749 | K52: 17508.36 | M52: 1340.656 | O52: 19269.644 | Q52: 3280.1474 | S52: 316.41667 | U52: 9199.5162 | W52: 16825.843 | Y52: 4811.5658 | AA52: 6011.9843 | AC52: 3608.5801 | AE52: 4240.9433 | AG52: 6484.8802 | AI52: 3877.3057 | AK52: 2070.8627 | AM52: 22298.375 | AO52: 8573.102 | AQ52: 6717.7655 | AS52: 5605.7653 | AU52: 728.91573 | AW52: 3266.5511 | AY52: 414.7823 | BA52: 2622.8346 | BC52: 5410.5934 | BE52: -2938.6478
A53: 1990 | B53: 2 | C53: 114872.4 | D53: 0.0041849567 | E53: 112343.04 | F53: 0.0034522804 | G53: 1265.1256 | H53: -0.014252474 | I53: 197.58634 | J53: -0.0059423855 | K53: 17540.472 | L53: 0.0018340988 | M53: 1352.8 | N53: 0.0090582209 | O53: 19278.324 | P53: 0.00045045291 | Q53: 3408.3341 | R53: 0.039079573 | S53: 322.47115 | T53: 0.019134495 | U53: 9195.2557 | V53: -0.00046311594 | W53: 16960.437 | X53: 0.0079992364 | Y53: 4865.512 | Z53: 0.011211789 | AA53: 5877.0532 | AB53: -0.022443689 | AC53: 3714.5204 | AD53: 0.029357904 | AE53: 4252.763 | AF53: 0.0027870421 | AG53: 6404.8865 | AH53: -0.012335413 | AI53: 3707.4433 | AJ53: -0.043809371 | AK53: 2102.0849 | AL53: 0.015076887 | AM53: 22388.193 | AN53: 0.0040279971 | AO53: 8702.581 | AP53: 0.015102938 | AQ53: 6863.923 | AR53: 0.021756863 | AS53: 5621.8011 | AT53: 0.0028605991 | AU53: 710.42893 | AV53: -0.025362063 | AW53: 3241.9601 | AX53: -0.0075281273 | AY53: 422.37793 | AZ53: 0.018312326 | BA53: 2708.2297 | BB53: 0.03255833 | BC53: 5437.8353 | BD53: 0.0050349216 | BE53: -2860.4712 | BF53: -0.026602917
A54: 1990 | B54: 3 | C54: 114808.09 | D54: -0.00055986343 | E54: 112289.02 | F54: -0.00048091767 | G54: 1251.2669 | H54: -0.010954377 | I54: 197.76675 | J54: 0.00091308826 | K54: 17561.683 | L54: 0.0012092599 | M54: 1356.4234 | N54: 0.0026784586 | O54: 19296.165 | P54: 0.00092544115 | Q54: 3350.6139 | R54: -0.016935031 | S54: 331.04014 | T54: 0.026572895 | U54: 9247.6105 | V54: 0.0056936754 | W54: 16638.18 | X54: -0.019000509 | Y54: 4814.8438 | Z54: -0.01041376 | AA54: 5880.3423 | AB54: 0.00055965716 | AC54: 3760.2241 | AD54: 0.012304061 | AE54: 4298.1488 | AF54: 0.010672079 | AG54: 6382.1245 | AH54: -0.003553852 | AI54: 3626.1514 | AJ54: -0.021926698 | AK54: 2127.4265 | AL54: 0.012055446 | AM54: 22504.19 | AN54: 0.0051811787 | AO54: 8794.2211 | AP54: 0.010530223 | AQ54: 6930.3627 | AR54: 0.0096795549 | AS54: 5632.3271 | AT54: 0.0018723444 | AU54: 743.03441 | AV54: 0.045895488 | AW54: 3209.4897 | AX54: -0.01001569 | AY54: 426.47963 | AZ54: 0.0097109599 | BA54: 2698.6672 | BB54: -0.0035309082 | BC54: 5432.2562 | BD54: -0.0010259665 | BE54: -2866.2735 | BF54: 0.0020284395
A55: 1990 | B55: 4 | C55: 114144.44 | D55: -0.0057804693 | E55: 111677.72 | F55: -0.0054439533 | G55: 1248.3392 | H55: -0.0023397823 | I55: 201.09103 | J55: 0.01680908 | K55: 17687.447 | L55: 0.0071612471 | M55: 1374.3365 | N55: 0.013206147 | O55: 19411.777 | P55: 0.0059914525 | Q55: 3456.8367 | R55: 0.031702505 | S55: 341.43032 | T55: 0.031386474 | U55: 9181.548 | V55: -0.0071437386 | W55: 15916.532 | X55: -0.043373009 | Y55: 4719.9638 | Z55: -0.019705724 | AA55: 6020.7318 | AB55: 0.023874379 | AC55: 3778.0443 | AD55: 0.0047391149 | AE55: 4323.8954 | AF55: 0.0059901559 | AG55: 6259.3132 | AH55: -0.019243021 | AI55: 3424.3608 | AJ55: -0.055648694 | AK55: 2146.8686 | AL55: 0.0091387738 | AM55: 22520.645 | AN55: 0.00073118751 | AO55: 8865.1225 | AP55: 0.0080622735 | AQ55: 6917.1463 | AR55: -0.0019070314 | AS55: 5642.5074 | AT55: 0.0018074703 | AU55: 769.34081 | AV55: 0.035404019 | AW55: 3120.0496 | AX55: -0.027867387 | AY55: 427.11453 | AZ55: 0.0014886986 | BA55: 2648.7859 | BB55: -0.018483683 | BC55: 5395.9026 | BD55: -0.0066921692 | BE55: -2888.0745 | BF55: 0.0076060677
A56: 1991 | B56: 1 | C56: 114396.85 | D56: 0.0022113238 | E56: 112051.08 | F56: 0.0033431999 | G56: 1245.9315 | H56: -0.0019287339 | I56: 198.0706 | J56: -0.015020184 | K56: 17728.251 | L56: 0.0023069728 | M56: 1392.8352 | N56: 0.013460055 | O56: 19415.405 | P56: 0.00018689872 | Q56: 3521.9195 | R56: 0.018827273 | S56: 352.55696 | T56: 0.032588317 | U56: 9076.2764 | V56: -0.011465565 | W56: 15753.199 | X56: -0.010261813 | Y56: 4642.584 | Z56: -0.016394138 | AA56: 6344.3062 | AB56: 0.053743359 | AC56: 3781.8401 | AD56: 0.0010047014 | AE56: 4341.0445 | AF56: 0.0039661259 | AG56: 6533.8868 | AH56: 0.04386641 | AI56: 3752.5266 | AJ56: 0.095832716 | AK56: 2160.1293 | AL56: 0.0061767769 | AM56: 22559.468 | AN56: 0.0017238939 | AO56: 8851.8772 | AP56: -0.0014940996 | AQ56: 6824.2615 | AR56: -0.0134282 | AS56: 5666.3589 | AT56: 0.004227112 | AU56: 813.91873 | AV56: 0.057943006 | AW56: 2975.2567 | AX56: -0.046407236 | AY56: 424.42467 | AZ56: -0.0062977496 | BA56: 2543.928 | BB56: -0.039587175 | BC56: 5389.9976 | BD56: -0.0010943622 | BE56: -3021.4004 | BF56: 0.046164274
A57: 1991 | B57: 2 | C57: 113208.38 | D57: -0.010389001 | E57: 110987.75 | F57: -0.0094897106 | G57: 1250.4509 | H57: 0.0036272779 | I57: 200.18424 | J57: 0.010671141 | K57: 17611.973 | L57: -0.006558947 | M57: 1409.4635 | N57: 0.011938486 | O57: 19218.212 | P57: -0.010156503 | Q57: 3381.1829 | R57: -0.039960213 | S57: 362.80708 | T57: 0.029073645 | U57: 8988.616 | V57: -0.0096581908 | W57: 15002.519 | X57: -0.047652555 | Y57: 4560.9363 | Z57: -0.0175867 | AA57: 6551.8957 | AB57: 0.032720605 | AC57: 3755.3692 | AD57: -0.006999476 | AE57: 4358.6433 | AF57: 0.0040540513 | AG57: 6686.8442 | AH57: 0.023409864 | AI57: 3892.1229 | AJ57: 0.037200637 | AK57: 2185.1495 | AL57: 0.011582729 | AM57: 22350.826 | AN57: -0.0092485245 | AO57: 8845.1229 | AP57: -0.00076302796 | AQ57: 6753.4561 | AR57: -0.010375541 | AS57: 5664.5298 | AT57: -0.00032280164 | AU57: 784.53595 | AV57: -0.036100387 | AW57: 2840.7781 | AX57: -0.045198996 | AY57: 422.59244 | AZ57: -0.0043169775 | BA57: 2428.9566 | BB57: -0.045194418 | BC57: 5329.0463 | BD57: -0.011308221 | BE57: -3102.2611 | BF57: 0.026762668
A58: 1991 | B58: 3 | C58: 113117.48 | D58: -0.00080292595 | E58: 110971.23 | F58: -0.00014886123 | G58: 1256.6457 | H58: 0.0049540675 | I58: 196.72489 | J58: -0.017280849 | K58: 17662.152 | L58: 0.002849162 | M58: 1444.4971 | N58: 0.024855963 | O58: 19188.876 | P58: -0.0015264687 | Q58: 3435.3569 | R58: 0.016022222 | S58: 375.0574 | T58: 0.033765391 | U58: 8915.9069 | V58: -0.0080890183 | W58: 14839.22 | X58: -0.010884765 | Y58: 4523.0645 | Z58: -0.0083035247 | AA58: 6689.539 | AB58: 0.021008169 | AC58: 3754.8501 | AD58: -0.00013821455 | AE58: 4382.9401 | AF58: 0.0055743857 | AG58: 6687.1956 | AH58: 5.2552892e-05 | AI58: 3801.6194 | AJ58: -0.023253002 | AK58: 2221.8959 | AL58: 0.016816434 | AM58: 22345.243 | AN58: -0.00024981119 | AO58: 8865.2727 | AP58: 0.0022780623 | AQ58: 6704.6644 | AR58: -0.0072246987 | AS58: 5681.9826 | AT58: 0.0030810709 | AU58: 793.2109 | AV58: 0.011057429 | AW58: 2787.4552 | AX58: -0.018770533 | AY58: 421.42571 | AZ58: -0.0027608678 | BA58: 2363.2194 | BB58: -0.027063971 | BC58: 5292.5234 | BD58: -0.0068535475 | BE58: -3146.5038 | BF58: 0.014261424
A59: 1991 | B59: 4 | C59: 113342.59 | D59: 0.001990031 | E59: 111215.07 | F59: 0.0021973185 | G59: 1266.5496 | H59: 0.0078812377 | I59: 189.76789 | J59: -0.035364105 | K59: 17735.406 | L59: 0.004147513 | M59: 1474.7312 | N59: 0.020930508 | O59: 19202.738 | P59: 0.00072236382 | Q59: 3570.0813 | R59: 0.039216985 | S59: 388.18395 | T59: 0.034998783 | U59: 8721.3675 | V59: -0.021819363 | W59: 15029.361 | X59: 0.012813363 | Y59: 4578.3927 | Z59: 0.012232469 | AA59: 6730.6108 | AB59: 0.0061397013 | AC59: 3721.3416 | AD59: -0.0089240708 | AE59: 4360.0178 | AF59: -0.0052298888 | AG59: 6685.0748 | AH59: -0.00031713364 | AI59: 3687.6188 | AJ59: -0.029987386 | AK59: 2270.8579 | AL59: 0.022036151 | AM59: 22387.713 | AN59: 0.0019006561 | AO59: 8895.492 | AP59: 0.0034087277 | AQ59: 6677.8412 | AR59: -0.0040006827 | AS59: 5700.2634 | AT59: 0.0032173403 | AU59: 776.02979 | AV59: -0.021660203 | AW59: 2740.8336 | AX59: -0.016725506 | AY59: 421.02705 | AZ59: -0.00094598587 | BA59: 2347.7098 | BB59: -0.0065629331 | BC59: 5254.2229 | BD59: -0.0072367286 | BE59: -3121.6087 | BF59: -0.0079119988
A60: 1992 | B60: 1 | C60: 113989.3 | D60: 0.0057057483 | E60: 111852.61 | F60: 0.0057325756 | G60: 1293.8716 | H60: 0.021571972 | I60: 175.36597 | J60: -0.075892291 | K60: 17918.951 | L60: 0.010349092 | M60: 1513.8262 | N60: 0.026509933 | O60: 19340.5 | P60: 0.0071741329 | Q60: 3561.3558 | R60: -0.0024440471 | S60: 399.754 | T60: 0.029805581 | U60: 8735.9802 | V60: 0.0016755068 | W60: 15231.398 | X60: 0.013442861 | Y60: 4588.1455 | Z60: 0.0021301805 | AA60: 6724.7816 | AB60: -0.00086607669 | AC60: 3682.5119 | AD60: -0.010434317 | AE60: 4331.2374 | AF60: -0.0066009694 | AG60: 6792.6652 | AH60: 0.01609412 | AI60: 3714.185 | AJ60: 0.0072041786 | AK60: 2333.0694 | AL60: 0.02739557 | AM60: 22463.301 | AN60: 0.0033762966 | AO60: 8906.8006 | AP60: 0.0012712761 | AQ60: 6672.9615 | AR60: -0.00073072609 | AS60: 5718.1634 | AT60: 0.0031401893 | AU60: 747.70432 | AV60: -0.036500503 | AW60: 2710.9876 | AX60: -0.01088937 | AY60: 420.74481 | AZ60: -0.00067036801 | BA60: 2354.6875 | BB60: 0.0029721466 | BC60: 5242.9147 | BD60: -0.0021522034 | BE60: -3096.3593 | BF60: -0.0080885787
A61: 1992 | B61: 2 | C61: 113891.6 | D61: -0.00085708866 | E61: 111771.25 | F61: -0.00072741116 | G61: 1299.4469 | H61: 0.0043090471 | I61: 166.50696 | J61: -0.050517274 | K61: 17829.108 | L61: -0.0050138511 | M61: 1520.1228 | N61: 0.0041594156 | O61: 19206.667 | P61: -0.0069198528 | Q61: 3600.1957 | R61: 0.010905927 | S61: 406.76958 | T61: 0.017549747 | U61: 8676.3631 | V61: -0.0068243149 | W61: 15283.006 | X61: 0.003388222 | Y61: 4553.0789 | Z61: -0.0076428759 | AA61: 6730.6745 | AB61: 0.0008763011 | AC61: 3643.7901 | AD61: -0.01051505 | AE61: 4280.9625 | AF61: -0.011607532 | AG61: 6834.9062 | AH61: 0.0062186169 | AI61: 3666.2898 | AJ61: -0.012895223 | AK61: 2382.0725 | AL61: 0.021003708 | AM61: 22433.171 | AN61: -0.0013413022 | AO61: 8906.4533 | AP61: -3.8997468e-05 | AQ61: 6696.7873 | AR61: 0.0035705045 | AS61: 5778.6885 | AT61: 0.010584722 | AU61: 731.35221 | AV61: -0.021869751 | AW61: 2675.382 | AX61: -0.013133812 | AY61: 420.29069 | AZ61: -0.0010793132 | BA61: 2339.2574 | BB61: -0.0065529391 | BC61: 5205.4878 | BD61: -0.007138563 | BE61: -3072.5199 | BF61: -0.0076991551
A62: 1992 | B62: 3 | C62: 113064.66 | D62: -0.0072607434 | E62: 110973.89 | F62: -0.0071338415 | G62: 1290.3734 | H62: -0.0069825765 | I62: 162.00234 | J62: -0.027053633 | K62: 17651.321 | L62: -0.0099717763 | M62: 1516.1025 | N62: -0.0026447263 | O62: 18985.576 | P62: -0.01151116 | Q62: 3639.9194 | R62: 0.011033762 | S62: 412.71552 | T62: 0.014617455 | U62: 8593.2738 | V62: -0.0095765083 | W62: 15148.527 | X62: -0.0087992158 | Y62: 4537.9237 | Z62: -0.0033285527 | AA62: 6697.4244 | AB62: -0.0049400858 | AC62: 3604.0436 | AD62: -0.010908024 | AE62: 4214.5659 | AF62: -0.015509725 | AG62: 6950.2061 | AH62: 0.016869265 | AI62: 3753.3451 | AJ62: 0.023744809 | AK62: 2418.9029 | AL62: 0.015461497 | AM62: 22232.363 | AN62: -0.0089513578 | AO62: 8844.0882 | AP62: -0.0070022322 | AQ62: 6749.3408 | AR62: 0.0078475625 | AS62: 5624.398 | AT62: -0.026699912 | AU62: 659.43006 | AV62: -0.098341336 | AW62: 2615.9879 | AX62: -0.022200222 | AY62: 420.1618 | AZ62: -0.00030667637 | BA62: 2309.1574 | BB62: -0.012867304 | BC62: 5150.2634 | BD62: -0.010608888 | BE62: -3046.574 | BF62: -0.0084445074
A63: 1992 | B63: 4 | C63: 112497.45 | D63: -0.0050166779 | E63: 110407.35 | F63: -0.0051051553 | G63: 1280.4787 | H63: -0.007668115 | I63: 160.11219 | J63: -0.011667416 | K63: 17389.822 | L63: -0.014814649 | M63: 1526.6368 | N63: 0.0069482649 | O63: 18616.725 | P63: -0.019427961 | Q63: 3563.839 | R63: -0.020901673 | S63: 413.93504 | T63: 0.0029548812 | U63: 8623.0945 | V63: 0.0034702315 | W63: 14888.357 | X63: -0.017174613 | Y63: 4507.0851 | Z63: -0.0067957643 | AA63: 6643.3896 | AB63: -0.0080679925 | AC63: 3579.7164 | AD63: -0.0067499695 | AE63: 4131.0128 | AF63: -0.019824839 | AG63: 7225.2451 | AH63: 0.039572782 | AI63: 4061.8252 | AJ63: 0.082188045 | AK63: 2444.0537 | AL63: 0.010397617 | AM63: 22080.731 | AN63: -0.0068203375 | AO63: 8785.6223 | AP63: -0.0066107293 | AQ63: 6830.6706 | AR63: 0.012050041 | AS63: 5640.2354 | AT63: 0.0028158375 | AU63: 662.48393 | AV63: 0.0046310772 | AW63: 2589.6341 | AX63: -0.010074151 | AY63: 420.40461 | AZ63: 0.00057790749 | BA63: 2306.6524 | BB63: -0.0010848319 | BC63: 5113.3816 | BD63: -0.007161142 | BE63: -3007.0951 | BF63: -0.012958471
A64: 1993 | B64: 1 | C64: 112123.54 | D64: -0.0033237609 | E64: 110012 | F64: -0.0035808306 | G64: 1265.4698 | H64: -0.011721352 | I64: 166.39197 | J64: 0.039221082 | K64: 17456.21 | L64: 0.0038176056 | M64: 1544.552 | N64: 0.011735113 | O64: 18655.73 | P64: 0.0020951518 | Q64: 3631.75 | R64: 0.019055561 | S64: 410.9027 | T64: -0.0073256521 | U64: 8415.3484 | V64: -0.024091823 | W64: 14598.047 | X64: -0.019499134 | Y64: 4443.0498 | Z64: -0.014207682 | AA64: 6607.8565 | AB64: -0.0053486385 | AC64: 3549.4778 | AD64: -0.0084471919 | AE64: 4060.7517 | AF64: -0.017008198 | AG64: 7295.508 | AH64: 0.0097246437 | AI64: 4107.7923 | AJ64: 0.011316846 | AK64: 2457.4975 | AL64: 0.0055006292 | AM64: 22039.409 | AN64: -0.0018714306 | AO64: 8800.8806 | AP64: 0.0017367275 | AQ64: 6940.8523 | AR64: 0.016130433 | AS64: 5661.0778 | AT64: 0.003695304 | AU64: 648.45593 | AV64: -0.021174847 | AW64: 2590.7782 | AX64: 0.00044179635 | AY64: 421.07058 | AZ64: 0.0015841161 | BA64: 2326.1162 | BB64: 0.008438145 | BC64: 5112.402 | BD64: -0.00019157318 | BE64: -2983.7036 | BF64: -0.007778765
... A197: 2026 | B197: 2 | C197: 207993.31 | D197: 0.01540933 | E197: 202842.25 | F197: 0.015248927 | G197: 1271.4297 | H197: -0.013982038 | I197: 172.96997 | J197: -0.055628067 | K197: 46779.036 | L197: 0.044516485 | M197: 22687.656 | N197: 0.10502562 | O197: 24867.241 | P197: 0.0072304429 | Q197: 2018.3946 | R197: 0.098379372 | S197: 724.26961 | T197: -0.0018703828 | U197: 8578.9272 | V197: 0.0038088841 | W197: 25167.704 | X197: 0.0081012409 | Y197: 6857.2537 | Z197: 0.011939122 | AA197: 7563.3874 | AB197: 0.018797111 | AC197: 3681.7624 | AD197: 0.013566209 | AE197: 10368.219 | AF197: 0.010653895 | AG197: 18359.021 | AH197: 0.0075403471 | AI197: 7701.9708 | AJ197: 0.018613794 | AK197: 6772.7209 | AL197: -0.0084948893 | AM197: 36199.74 | AN197: 0.0051108291 | AO197: 12677.963 | AP197: 0.003688994 | AQ197: 7950.4585 | AR197: 0.00031034948 | AS197: 16854.186 | AT197: 0.0073089611 | AU197: 1832.396 | AV197: 0.035698885 | AW197: 2545.6344 | AX197: -0.0077051936 | AY197: 598.00722 | AZ197: 0.0090672458 | BA197: 5138.3407 | BB197: 0.021377326 | BC197: 9945.5741 | BD197: 0.011786486 | BE197: -4810.0539 | BF197: 0.0011649647

Sheet defl_q
A1: =INDIRECT("beschriftung!"&ADDRESS(beschriftung!$C$1*12+ROW(beschriftung!$A1)-1,COLUMN(beschriftung!A$1))) -> ESA 2010, Quarterly aggregates of Gross Domestic Product, production approach, seasonally, calendar and sport event adjusted data. Background information on sport event adjustment can be found in the publication “Konjunkturtendenzen” (“Economic Trends”) from autumn 2022 and in the technical note from 5 September 2022 on the website www.seco.admin.ch.
A2: =INDIRECT("beschriftung!"&ADDRESS(beschriftung!$C$1*12+ROW(beschriftung!$A4)-1,COLUMN(beschriftung!A$1))) -> Implicit chain price indexes, percentage change to previous quarter
C4: =INDIRECT("beschriftung!"&ADDRESS(beschriftung!$C$1*12+ROW(beschriftung!$A5)-1,COLUMN(beschriftung!C$1))) -> Gross domestic product | D4: =IF(INDIRECT("beschriftung.!"&ADDRESS(#REF!*12+ROW($A5)-1,COLUMN(D$1)))="","",INDIRECT("beschriftung.!"&ADDRESS(#REF!*12+ROW($A5)-1,COLUMN(D$1)))) -> #REF! | E4: =IF(INDIRECT("beschriftung.!"&ADDRESS(#REF!*12+ROW($A5)-1,COLUMN(E$1)))="","",INDIRECT("beschriftung.!"&ADDRESS(#REF!*12+ROW($A5)-1,COLUMN(E$1)))) -> #REF! | F4: =IF(INDIRECT("beschriftung.!"&ADDRESS(#REF!*12+ROW($A5)-1,COLUMN(F$1)))="","",INDIRECT("beschriftung.!"&ADDRESS(#REF!*12+ROW($A5)-1,COLUMN(F$1)))) -> #REF! | G4: =IF(INDIRECT("beschriftung.!"&ADDRESS(#REF!*12+ROW($A5)-1,COLUMN(G$1)))="","",INDIRECT("beschriftung.!"&ADDRESS(#REF!*12+ROW($A5)-1,COLUMN(G$1)))) -> #REF! | H4: =IF(INDIRECT("beschriftung.!"&ADDRESS(#REF!*12+ROW($A5)-1,COLUMN(H$1)))="","",INDIRECT("beschriftung.!"&ADDRESS(#REF!*12+ROW($A5)-1,COLUMN(H$1)))) -> #REF! | I4: =IF(INDIRECT("beschriftung.!"&ADDRESS(#REF!*12+ROW($A5)-1,COLUMN(I$1)))="","",INDIRECT("beschriftung.!"&ADDRESS(#REF!*12+ROW($A5)-1,COLUMN(I$1)))) -> #REF! | J4: =IF(INDIRECT("beschriftung.!"&ADDRESS(#REF!*12+ROW($A5)-1,COLUMN(J$1)))="","",INDIRECT("beschriftung.!"&ADDRESS(#REF!*12+ROW($A5)-1,COLUMN(J$1)))) -> #REF! | K4: =IF(INDIRECT("beschriftung.!"&ADDRESS(#REF!*12+ROW($A5)-1,COLUMN(K$1)))="","",INDIRECT("beschriftung.!"&ADDRESS(#REF!*12+ROW($A5)-1,COLUMN(K$1)))) -> #REF! | L4: =IF(INDIRECT("beschriftung.!"&ADDRESS(#REF!*12+ROW($A5)-1,COLUMN(L$1)))="","",INDIRECT("beschriftung.!"&ADDRESS(#REF!*12+ROW($A5)-1,COLUMN(L$1)))) -> #REF! | Q4: =IF(INDIRECT("beschriftung.!"&ADDRESS(#REF!*12+ROW($A5)-1,COLUMN(Q$1)))="","",INDIRECT("beschriftung.!"&ADDRESS(#REF!*12+ROW($A5)-1,COLUMN(Q$1)))) -> #REF! | R4: =IF(INDIRECT("beschriftung.!"&ADDRESS(#REF!*12+ROW($A5)-1,COLUMN(R$1)))="","",INDIRECT("beschriftung.!"&ADDRESS(#REF!*12+ROW($A5)-1,COLUMN(R$1)))) -> #REF! | U4: =IF(INDIRECT("beschriftung.!"&ADDRESS(#REF!*12+ROW($A5)-1,COLUMN(U$1)))="","",INDIRECT("beschriftung.!"&ADDRESS(#REF!*12+ROW($A5)-1,COLUMN(U$1)))) -> #REF! | V4: =IF(INDIRECT("beschriftung.!"&ADDRESS(#REF!*12+ROW($A5)-1,COLUMN(V$1)))="","",INDIRECT("beschriftung.!"&ADDRESS(#REF!*12+ROW($A5)-1,COLUMN(V$1)))) -> #REF! | W4: =IF(INDIRECT("beschriftung.!"&ADDRESS(#REF!*12+ROW($A5)-1,COLUMN(W$1)))="","",INDIRECT("beschriftung.!"&ADDRESS(#REF!*12+ROW($A5)-1,COLUMN(W$1)))) -> #REF! | X4: =IF(INDIRECT("beschriftung.!"&ADDRESS(#REF!*12+ROW($A5)-1,COLUMN(X$1)))="","",INDIRECT("beschriftung.!"&ADDRESS(#REF!*12+ROW($A5)-1,COLUMN(X$1)))) -> #REF! | AA4: =IF(INDIRECT("beschriftung.!"&ADDRESS(#REF!*12+ROW($A5)-1,COLUMN(AA$1)))="","",INDIRECT("beschriftung.!"&ADDRESS(#REF!*12+ROW($A5)-1,COLUMN(AA$1)))) -> #REF! | AB4: =IF(INDIRECT("beschriftung.!"&ADDRESS(#REF!*12+ROW($A5)-1,COLUMN(AB$1)))="","",INDIRECT("beschriftung.!"&ADDRESS(#REF!*12+ROW($A5)-1,COLUMN(AB$1)))) -> #REF! | AG4: =IF(INDIRECT("beschriftung.!"&ADDRESS(#REF!*12+ROW($A5)-1,COLUMN(AG$1)))="","",INDIRECT("beschriftung.!"&ADDRESS(#REF!*12+ROW($A5)-1,COLUMN(AG$1)))) -> #REF! | AH4: =IF(INDIRECT("beschriftung.!"&ADDRESS(#REF!*12+ROW($A5)-1,COLUMN(AH$1)))="","",INDIRECT("beschriftung.!"&ADDRESS(#REF!*12+ROW($A5)-1,COLUMN(AH$1)))) -> #REF! | AI4: =IF(INDIRECT("beschriftung.!"&ADDRESS(#REF!*12+ROW($A5)-1,COLUMN(AI$1)))="","",INDIRECT("beschriftung.!"&ADDRESS(#REF!*12+ROW($A5)-1,COLUMN(AI$1)))) -> #REF! | AJ4: =IF(INDIRECT("beschriftung.!"&ADDRESS(#REF!*12+ROW($A5)-1,COLUMN(AJ$1)))="","",INDIRECT("beschriftung.!"&ADDRESS(#REF!*12+ROW($A5)-1,COLUMN(AJ$1)))) -> #REF! | AM4: =IF(INDIRECT("beschriftung.!"&ADDRESS(#REF!*12+ROW($A5)-1,COLUMN(AM$1)))="","",INDIRECT("beschriftung.!"&ADDRESS(#REF!*12+ROW($A5)-1,COLUMN(AM$1)))) -> #REF! | AN4: =IF(INDIRECT("beschriftung.!"&ADDRESS(#REF!*12+ROW($A5)-1,COLUMN(AN$1)))="","",INDIRECT("beschriftung.!"&ADDRESS(#REF!*12+ROW($A5)-1,COLUMN(AN$1)))) -> #REF! | AO4: =IF(INDIRECT("beschriftung.!"&ADDRESS(#REF!*12+ROW($A5)-1,COLUMN(AO$1)))="","",INDIRECT("beschriftung.!"&ADDRESS(#REF!*12+ROW($A5)-1,COLUMN(AO$1)))) -> #REF! | AP4: =IF(INDIRECT("beschriftung.!"&ADDRESS(#REF!*12+ROW($A5)-1,COLUMN(AP$1)))="","",INDIRECT("beschriftung.!"&ADDRESS(#REF!*12+ROW($A5)-1,COLUMN(AP$1)))) -> #REF! | AQ4: =IF(INDIRECT("beschriftung.!"&ADDRESS(#REF!*12+ROW($A5)-1,COLUMN(AQ$1)))="","",INDIRECT("beschriftung.!"&ADDRESS(#REF!*12+ROW($A5)-1,COLUMN(AQ$1)))) -> #REF! | AR4: =IF(INDIRECT("beschriftung.!"&ADDRESS(#REF!*12+ROW($A5)-1,COLUMN(AR$1)))="","",INDIRECT("beschriftung.!"&ADDRESS(#REF!*12+ROW($A5)-1,COLUMN(AR$1)))) -> #REF! | AS4: =IF(INDIRECT("beschriftung.!"&ADDRESS(#REF!*12+ROW($A5)-1,COLUMN(AS$1)))="","",INDIRECT("beschriftung.!"&ADDRESS(#REF!*12+ROW($A5)-1,COLUMN(AS$1)))) -> #REF! | AT4: =IF(INDIRECT("beschriftung.!"&ADDRESS(#REF!*12+ROW($A5)-1,COLUMN(AT$1)))="","",INDIRECT("beschriftung.!"&ADDRESS(#REF!*12+ROW($A5)-1,COLUMN(AT$1)))) -> #REF! | ... AV4: =IF(INDIRECT("beschriftung.!"&ADDRESS(#REF!*12+ROW($A5)-1,COLUMN(AV$1)))="","",INDIRECT("beschriftung.!"&ADDRESS(#REF!*12+ROW($A5)-1,COLUMN(AV$1)))) -> #REF! | AY4: =IF(INDIRECT("beschriftung.!"&ADDRESS(#REF!*12+ROW($A5)-1,COLUMN(AY$1)))="","",INDIRECT("beschriftung.!"&ADDRESS(#REF!*12+ROW($A5)-1,COLUMN(AY$1)))) -> #REF! | AZ4: =IF(INDIRECT("beschriftung.!"&ADDRESS(#REF!*12+ROW($A5)-1,COLUMN(AZ$1)))="","",INDIRECT("beschriftung.!"&ADDRESS(#REF!*12+ROW($A5)-1,COLUMN(AZ$1)))) -> #REF! | BA4: =IF(INDIRECT("beschriftung.!"&ADDRESS(#REF!*12+ROW($A5)-1,COLUMN(BA$1)))="","",INDIRECT("beschriftung.!"&ADDRESS(#REF!*12+ROW($A5)-1,COLUMN(BA$1)))) -> #REF! | BB4: =IF(INDIRECT("beschriftung.!"&ADDRESS(#REF!*12+ROW($A5)-1,COLUMN(BB$1)))="","",INDIRECT("beschriftung.!"&ADDRESS(#REF!*12+ROW($A5)-1,COLUMN(BB$1)))) -> #REF! | BC4: =IF(INDIRECT("beschriftung.!"&ADDRESS(#REF!*12+ROW($A5)-1,COLUMN(BC$1)))="","",INDIRECT("beschriftung.!"&ADDRESS(#REF!*12+ROW($A5)-1,COLUMN(BC$1)))) -> #REF! | BD4: =IF(INDIRECT("beschriftung.!"&ADDRESS(#REF!*12+ROW($A5)-1,COLUMN(BD$1)))="","",INDIRECT("beschriftung.!"&ADDRESS(#REF!*12+ROW($A5)-1,COLUMN(BD$1)))) -> #REF! | BE4: =IF(INDIRECT("beschriftung.!"&ADDRESS(#REF!*12+ROW($A5)-1,COLUMN(BE$1)))="","",INDIRECT("beschriftung.!"&ADDRESS(#REF!*12+ROW($A5)-1,COLUMN(BE$1)))) -> #REF! | BF4: =IF(INDIRECT("beschriftung.!"&ADDRESS(#REF!*12+ROW($A5)-1,COLUMN(BF$1)))="","",INDIRECT("beschriftung.!"&ADDRESS(#REF!*12+ROW($A5)-1,COLUMN(BF$1)))) -> #REF!
E5: =INDIRECT("beschriftung!"&ADDRESS(beschriftung!$C$1*12+ROW(beschriftung!$A6)-1,COLUMN(beschriftung!D$1))) -> Gross value added before adjustments | F5: =IF(INDIRECT("beschriftung.!"&ADDRESS(#REF!*12+ROW($A6)-1,COLUMN(F$1)))="","",INDIRECT("beschriftung.!"&ADDRESS(#REF!*12+ROW($A6)-1,COLUMN(F$1)))) -> #REF! | G5: =IF(INDIRECT("beschriftung.!"&ADDRESS(#REF!*12+ROW($A6)-1,COLUMN(G$1)))="","",INDIRECT("beschriftung.!"&ADDRESS(#REF!*12+ROW($A6)-1,COLUMN(G$1)))) -> #REF! | H5: =IF(INDIRECT("beschriftung.!"&ADDRESS(#REF!*12+ROW($A6)-1,COLUMN(H$1)))="","",INDIRECT("beschriftung.!"&ADDRESS(#REF!*12+ROW($A6)-1,COLUMN(H$1)))) -> #REF! | I5: =IF(INDIRECT("beschriftung.!"&ADDRESS(#REF!*12+ROW($A6)-1,COLUMN(I$1)))="","",INDIRECT("beschriftung.!"&ADDRESS(#REF!*12+ROW($A6)-1,COLUMN(I$1)))) -> #REF! | J5: =IF(INDIRECT("beschriftung.!"&ADDRESS(#REF!*12+ROW($A6)-1,COLUMN(J$1)))="","",INDIRECT("beschriftung.!"&ADDRESS(#REF!*12+ROW($A6)-1,COLUMN(J$1)))) -> #REF! | K5: =IF(INDIRECT("beschriftung.!"&ADDRESS(#REF!*12+ROW($A6)-1,COLUMN(K$1)))="","",INDIRECT("beschriftung.!"&ADDRESS(#REF!*12+ROW($A6)-1,COLUMN(K$1)))) -> #REF! | L5: =IF(INDIRECT("beschriftung.!"&ADDRESS(#REF!*12+ROW($A6)-1,COLUMN(L$1)))="","",INDIRECT("beschriftung.!"&ADDRESS(#REF!*12+ROW($A6)-1,COLUMN(L$1)))) -> #REF! | Q5: =IF(INDIRECT("beschriftung.!"&ADDRESS(#REF!*12+ROW($A6)-1,COLUMN(Q$1)))="","",INDIRECT("beschriftung.!"&ADDRESS(#REF!*12+ROW($A6)-1,COLUMN(Q$1)))) -> #REF! | R5: =IF(INDIRECT("beschriftung.!"&ADDRESS(#REF!*12+ROW($A6)-1,COLUMN(R$1)))="","",INDIRECT("beschriftung.!"&ADDRESS(#REF!*12+ROW($A6)-1,COLUMN(R$1)))) -> #REF! | U5: =IF(INDIRECT("beschriftung.!"&ADDRESS(#REF!*12+ROW($A6)-1,COLUMN(U$1)))="","",INDIRECT("beschriftung.!"&ADDRESS(#REF!*12+ROW($A6)-1,COLUMN(U$1)))) -> #REF! | V5: =IF(INDIRECT("beschriftung.!"&ADDRESS(#REF!*12+ROW($A6)-1,COLUMN(V$1)))="","",INDIRECT("beschriftung.!"&ADDRESS(#REF!*12+ROW($A6)-1,COLUMN(V$1)))) -> #REF! | W5: =IF(INDIRECT("beschriftung.!"&ADDRESS(#REF!*12+ROW($A6)-1,COLUMN(W$1)))="","",INDIRECT("beschriftung.!"&ADDRESS(#REF!*12+ROW($A6)-1,COLUMN(W$1)))) -> #REF! | X5: =IF(INDIRECT("beschriftung.!"&ADDRESS(#REF!*12+ROW($A6)-1,COLUMN(X$1)))="","",INDIRECT("beschriftung.!"&ADDRESS(#REF!*12+ROW($A6)-1,COLUMN(X$1)))) -> #REF! | AA5: =IF(INDIRECT("beschriftung.!"&ADDRESS(#REF!*12+ROW($A6)-1,COLUMN(AA$1)))="","",INDIRECT("beschriftung.!"&ADDRESS(#REF!*12+ROW($A6)-1,COLUMN(AA$1)))) -> #REF! | AB5: =IF(INDIRECT("beschriftung.!"&ADDRESS(#REF!*12+ROW($A6)-1,COLUMN(AB$1)))="","",INDIRECT("beschriftung.!"&ADDRESS(#REF!*12+ROW($A6)-1,COLUMN(AB$1)))) -> #REF! | AG5: =IF(INDIRECT("beschriftung.!"&ADDRESS(#REF!*12+ROW($A6)-1,COLUMN(AG$1)))="","",INDIRECT("beschriftung.!"&ADDRESS(#REF!*12+ROW($A6)-1,COLUMN(AG$1)))) -> #REF! | AH5: =IF(INDIRECT("beschriftung.!"&ADDRESS(#REF!*12+ROW($A6)-1,COLUMN(AH$1)))="","",INDIRECT("beschriftung.!"&ADDRESS(#REF!*12+ROW($A6)-1,COLUMN(AH$1)))) -> #REF! | AI5: =IF(INDIRECT("beschriftung.!"&ADDRESS(#REF!*12+ROW($A6)-1,COLUMN(AI$1)))="","",INDIRECT("beschriftung.!"&ADDRESS(#REF!*12+ROW($A6)-1,COLUMN(AI$1)))) -> #REF! | AJ5: =IF(INDIRECT("beschriftung.!"&ADDRESS(#REF!*12+ROW($A6)-1,COLUMN(AJ$1)))="","",INDIRECT("beschriftung.!"&ADDRESS(#REF!*12+ROW($A6)-1,COLUMN(AJ$1)))) -> #REF! | AM5: =IF(INDIRECT("beschriftung.!"&ADDRESS(#REF!*12+ROW($A6)-1,COLUMN(AM$1)))="","",INDIRECT("beschriftung.!"&ADDRESS(#REF!*12+ROW($A6)-1,COLUMN(AM$1)))) -> #REF! | AN5: =IF(INDIRECT("beschriftung.!"&ADDRESS(#REF!*12+ROW($A6)-1,COLUMN(AN$1)))="","",INDIRECT("beschriftung.!"&ADDRESS(#REF!*12+ROW($A6)-1,COLUMN(AN$1)))) -> #REF! | AO5: =IF(INDIRECT("beschriftung.!"&ADDRESS(#REF!*12+ROW($A6)-1,COLUMN(AO$1)))="","",INDIRECT("beschriftung.!"&ADDRESS(#REF!*12+ROW($A6)-1,COLUMN(AO$1)))) -> #REF! | AP5: =IF(INDIRECT("beschriftung.!"&ADDRESS(#REF!*12+ROW($A6)-1,COLUMN(AP$1)))="","",INDIRECT("beschriftung.!"&ADDRESS(#REF!*12+ROW($A6)-1,COLUMN(AP$1)))) -> #REF! | AQ5: =IF(INDIRECT("beschriftung.!"&ADDRESS(#REF!*12+ROW($A6)-1,COLUMN(AQ$1)))="","",INDIRECT("beschriftung.!"&ADDRESS(#REF!*12+ROW($A6)-1,COLUMN(AQ$1)))) -> #REF! | AR5: =IF(INDIRECT("beschriftung.!"&ADDRESS(#REF!*12+ROW($A6)-1,COLUMN(AR$1)))="","",INDIRECT("beschriftung.!"&ADDRESS(#REF!*12+ROW($A6)-1,COLUMN(AR$1)))) -> #REF! | AS5: =IF(INDIRECT("beschriftung.!"&ADDRESS(#REF!*12+ROW($A6)-1,COLUMN(AS$1)))="","",INDIRECT("beschriftung.!"&ADDRESS(#REF!*12+ROW($A6)-1,COLUMN(AS$1)))) -> #REF! | AT5: =IF(INDIRECT("beschriftung.!"&ADDRESS(#REF!*12+ROW($A6)-1,COLUMN(AT$1)))="","",INDIRECT("beschriftung.!"&ADDRESS(#REF!*12+ROW($A6)-1,COLUMN(AT$1)))) -> #REF! | ... AV5: =IF(INDIRECT("beschriftung.!"&ADDRESS(#REF!*12+ROW($A6)-1,COLUMN(AV$1)))="","",INDIRECT("beschriftung.!"&ADDRESS(#REF!*12+ROW($A6)-1,COLUMN(AV$1)))) -> #REF! | AY5: =IF(INDIRECT("beschriftung.!"&ADDRESS(#REF!*12+ROW($A6)-1,COLUMN(AY$1)))="","",INDIRECT("beschriftung.!"&ADDRESS(#REF!*12+ROW($A6)-1,COLUMN(AY$1)))) -> #REF! | AZ5: =IF(INDIRECT("beschriftung.!"&ADDRESS(#REF!*12+ROW($A6)-1,COLUMN(AZ$1)))="","",INDIRECT("beschriftung.!"&ADDRESS(#REF!*12+ROW($A6)-1,COLUMN(AZ$1)))) -> #REF! | BA5: =INDIRECT("beschriftung!"&ADDRESS(beschriftung!$C$1*12+ROW(beschriftung!$A6)-1,COLUMN(beschriftung!AS$1))) -> Adjustments | BB5: =IF(INDIRECT("beschriftung.!"&ADDRESS(#REF!*12+ROW($A6)-1,COLUMN(BB$1)))="","",INDIRECT("beschriftung.!"&ADDRESS(#REF!*12+ROW($A6)-1,COLUMN(BB$1)))) -> #REF! | BC5: =IF(INDIRECT("beschriftung.!"&ADDRESS(#REF!*12+ROW($A6)-1,COLUMN(BC$1)))="","",INDIRECT("beschriftung.!"&ADDRESS(#REF!*12+ROW($A6)-1,COLUMN(BC$1)))) -> #REF! | BD5: =IF(INDIRECT("beschriftung.!"&ADDRESS(#REF!*12+ROW($A6)-1,COLUMN(BD$1)))="","",INDIRECT("beschriftung.!"&ADDRESS(#REF!*12+ROW($A6)-1,COLUMN(BD$1)))) -> #REF! | BE5: =IF(INDIRECT("beschriftung.!"&ADDRESS(#REF!*12+ROW($A6)-1,COLUMN(BE$1)))="","",INDIRECT("beschriftung.!"&ADDRESS(#REF!*12+ROW($A6)-1,COLUMN(BE$1)))) -> #REF! | BF5: =IF(INDIRECT("beschriftung.!"&ADDRESS(#REF!*12+ROW($A6)-1,COLUMN(BF$1)))="","",INDIRECT("beschriftung.!"&ADDRESS(#REF!*12+ROW($A6)-1,COLUMN(BF$1)))) -> #REF!
G6: =INDIRECT("beschriftung!"&ADDRESS(beschriftung!$C$1*12+ROW(beschriftung!$A7)-1,COLUMN(beschriftung!E$1))) -> Agriculture, forestry and fishing | I6: =INDIRECT("beschriftung!"&ADDRESS(beschriftung!$C$1*12+ROW(beschriftung!$A7)-1,COLUMN(beschriftung!G$1))) -> Mining and quarrying | K6: =INDIRECT("beschriftung!"&ADDRESS(beschriftung!$C$1*12+ROW(beschriftung!$A7)-1,COLUMN(beschriftung!I$1))) -> Manufacturing | Q6: =INDIRECT("beschriftung!"&ADDRESS(beschriftung!$C$1*12+ROW(beschriftung!$A7)-1,COLUMN(beschriftung!M$1))) -> Electricity, gas, steam and air conditioning supply | S6: =INDIRECT("beschriftung!"&ADDRESS(beschriftung!$C$1*12+ROW(beschriftung!$A7)-1,COLUMN(beschriftung!O$1))) -> Water supply, sewerage, waste management and remediation activities | U6: =INDIRECT("beschriftung!"&ADDRESS(beschriftung!$C$1*12+ROW(beschriftung!$A7)-1,COLUMN(beschriftung!Q$1))) -> Construction | W6: =INDIRECT("beschriftung!"&ADDRESS(beschriftung!$C$1*12+ROW(beschriftung!$A7)-1,COLUMN(beschriftung!S$1))) -> Trade, repair of motor vehicles and motorcycles | AA6: =INDIRECT("beschriftung!"&ADDRESS(beschriftung!$C$1*12+ROW(beschriftung!$A7)-1,COLUMN(beschriftung!W$1))) -> Transportation and storage | AC6: =INDIRECT("beschriftung!"&ADDRESS(beschriftung!$C$1*12+ROW(beschriftung!$A7)-1,COLUMN(beschriftung!Y$1))) -> Accommodation and food service activities | AE6: =INDIRECT("beschriftung!"&ADDRESS(beschriftung!$C$1*12+ROW(beschriftung!$A7)-1,COLUMN(beschriftung!X$1))) -> Information and communication | AG6: =INDIRECT("beschriftung!"&ADDRESS(beschriftung!$C$1*12+ROW(beschriftung!$A7)-1,COLUMN(beschriftung!AA$1))) -> Financial and insurance activities | AM6: =INDIRECT("beschriftung!"&ADDRESS(beschriftung!$C$1*12+ROW(beschriftung!$A7)-1,COLUMN(beschriftung!AE$1))) -> Real estate, professional, scientific, technical activities and administrative services | AO6: =INDIRECT("beschriftung!"&ADDRESS(beschriftung!$C$1*12+ROW(beschriftung!$A7)-1,COLUMN(beschriftung!AG$1))) -> Public administration | AQ6: =INDIRECT("beschriftung!"&ADDRESS(beschriftung!$C$1*12+ROW(beschriftung!$A7)-1,COLUMN(beschriftung!AI$1))) -> Education | AS6: =INDIRECT("beschriftung!"&ADDRESS(beschriftung!$C$1*12+ROW(beschriftung!$A7)-1,COLUMN(beschriftung!AK$1))) -> Human health and social work activities | AU6: =INDIRECT("beschriftung!"&ADDRESS(beschriftung!$C$1*12+ROW(beschriftung!$A7)-1,COLUMN(beschriftung!AM$1))) -> Arts, entertainment and recreation | AW6: =INDIRECT("beschriftung!"&ADDRESS(beschriftung!$C$1*12+ROW(beschriftung!$A7)-1,COLUMN(beschriftung!AO$1))) -> Other service activities | AY6: =INDIRECT("beschriftung!"&ADDRESS(beschriftung!$C$1*12+ROW(beschriftung!$A7)-1,COLUMN(beschriftung!AQ$1))) -> Activities of housholds as employers and producers for own use | BC6: =INDIRECT("beschriftung!"&ADDRESS(beschriftung!$C$1*12+ROW(beschriftung!$A7)-1,COLUMN(beschriftung!AU$1))) -> Taxes on products | BE6: =INDIRECT("beschriftung!"&ADDRESS(beschriftung!$C$1*12+ROW(beschriftung!$A7)-1,COLUMN(beschriftung!AW$1))) -> Subsidies on products
M8: =INDIRECT("beschriftung!"&ADDRESS(beschriftung!$C$1*12+ROW(beschriftung!$A7),COLUMN(beschriftung!J$1))) -> thereof chemicals and pharmaceuticals | O8: =INDIRECT("beschriftung!"&ADDRESS(beschriftung!$C$1*12+ROW(beschriftung!$A7),COLUMN(beschriftung!K$1))) -> thereof other manufacturing | Y8: =INDIRECT("beschriftung!"&ADDRESS(beschriftung!$C$1*12+ROW(beschriftung!$A7),COLUMN(beschriftung!U$1))) -> thereof retail trade | AI8: =INDIRECT("beschriftung!"&ADDRESS(beschriftung!$C$1*12+ROW(beschriftung!$A7),COLUMN(beschriftung!AB$1))) -> thereof financial activities | AK8: =INDIRECT("beschriftung!"&ADDRESS(beschriftung!$C$1*12+ROW(beschriftung!$A7),COLUMN(beschriftung!AC$1))) -> thereof insurance activities
C11: B1GQ | E11: B1G | G11: NOGA 01-03 | I11: NOGA 05-09 | K11: NOGA 10-33 | M11: NOGA 19-21 | O11: NOGA 10-18; 22-33 | Q11: NOGA 35 | S11: NOGA 36-39 | U11: NOGA 41-43 | W11: NOGA 45-47 | Y11: NOGA 47 | AA11: NOGA 49-53 | AC11: NOGA 55-56 | AE11: NOGA 58-63 | AG11: NOGA 64-66 | AI11: NOGA 64 | AK11: NOGA 65 | AM11: NOGA 68-75; 77-82 | AO11: NOGA 84 | AQ11: NOGA 85 | AS11: NOGA 86-88 | AU11: NOGA 90-93 | AW11: NOGA 94-96 | AY11: NOGA 97-98 | BC11: D21 | BE11: D31
A12: 1980 | B12: 1 | C12: 55.787982
A13: 1980 | B13: 2 | C13: 56.290326 | D13: 0.0090045143
A14: 1980 | B14: 3 | C14: 57.020468 | D14: 0.012971015
A15: 1980 | B15: 4 | C15: 57.581548 | D15: 0.0098399677
A16: 1981 | B16: 1 | C16: 58.688186 | D16: 0.019218623
A17: 1981 | B17: 2 | C17: 59.205124 | D17: 0.0088082175
A18: 1981 | B18: 3 | C18: 60.256136 | D18: 0.017752045
A19: 1981 | B19: 4 | C19: 61.454766 | D19: 0.019892254
A20: 1982 | B20: 1 | C20: 62.802153 | D20: 0.021924843
A21: 1982 | B21: 2 | C21: 64.100549 | D21: 0.020674386
A22: 1982 | B22: 3 | C22: 64.932106 | D22: 0.01297271
A23: 1982 | B23: 4 | C23: 65.366646 | D23: 0.0066922214
A24: 1983 | B24: 1 | C24: 65.406818 | D24: 0.00061455359
... A51: 1989 | B51: 4 | C51: 79.29604 | D51: 0.010008373
A52: 1990 | B52: 1 | C52: 80.257057 | D52: 0.012119352 | E52: 79.893374 | G52: 152.73577 | I52: 67.322813 | K52: 103.87264 | M52: 216.80538 | O52: 79.294569 | Q52: 45.590639 | S52: 227.47409 | U52: 76.337508 | W52: 91.014003 | Y52: 107.53244 | AA52: 61.751926 | AC52: 52.795601 | AE52: 96.132532 | AG52: 106.65111 | AI52: 75.16565 | AK52: 182.91146 | AM52: 56.368333 | AO52: 66.078578 | AQ52: 57.025666 | AS52: 68.758104 | AU52: 41.107847 | AW52: 45.668399 | AY52: 70.383618 | BA52: 90.098422 | BC52: 80.675347 | BE52: 68.12257
A53: 1990 | B53: 2 | C53: 81.302207 | D53: 0.01302254 | E53: 80.899052 | F53: 0.012587754 | G53: 154.21383 | H53: 0.0096772711 | I53: 68.433253 | J53: 0.016494271 | K53: 105.36775 | L53: 0.014393736 | M53: 216.7732 | N53: -0.00014838619 | O53: 80.657912 | P53: 0.01719339 | Q53: 46.874183 | R53: 0.028153675 | S53: 227.26142 | T53: -0.00093493084 | U53: 77.91122 | V53: 0.020615182 | W53: 91.371509 | X53: 0.0039280242 | Y53: 108.34309 | Z53: 0.0075386513 | AA53: 62.597618 | AB53: 0.013695002 | AC53: 54.072625 | AD53: 0.024188086 | AE53: 96.636167 | AF53: 0.0052389702 | AG53: 106.70566 | AH53: 0.00051146691 | AI53: 74.12845 | AJ53: -0.01379885 | AK53: 184.54392 | AL53: 0.0089248476 | AM53: 57.232443 | AN53: 0.015329708 | AO53: 67.265869 | AP53: 0.017967878 | AQ53: 58.058665 | AR53: 0.018114643 | AS53: 69.626853 | AT53: 0.012634865 | AU53: 41.904334 | AV53: 0.019375544 | AW53: 47.083462 | AX53: 0.030985613 | AY53: 71.597569 | AZ53: 0.01724764 | BA53: 92.655998 | BB53: 0.028386468 | BC53: 82.406341 | BD53: 0.021456287 | BE53: 68.932132 | BF53: 0.011883912
A54: 1990 | B54: 3 | C54: 82.258357 | D54: 0.011760435 | E54: 81.834253 | F54: 0.011560099 | G54: 155.1214 | H54: 0.0058851094 | I54: 69.162208 | J54: 0.010652058 | K54: 105.47977 | L54: 0.0010631254 | M54: 217.86039 | N54: 0.0050152956 | O54: 80.683982 | P54: 0.00032321359 | Q54: 45.106913 | R54: -0.037702419 | S54: 224.12354 | T54: -0.013807363 | U54: 78.934831 | V54: 0.013138174 | W54: 92.917062 | X54: 0.016915043 | Y54: 110.17949 | Z54: 0.016949813 | AA54: 62.975769 | AB54: 0.0060409803 | AC54: 55.015104 | AD54: 0.017429867 | AE54: 97.227406 | AF54: 0.00611819 | AG54: 108.94775 | AH54: 0.021011948 | AI54: 77.51586 | AJ54: 0.045696491 | AK54: 185.0944 | AL54: 0.0029829603 | AM54: 58.123809 | AN54: 0.01557449 | AO54: 68.328886 | AP54: 0.015803214 | AQ54: 59.347438 | AR54: 0.022197764 | AS54: 70.878881 | AT54: 0.017981971 | AU54: 42.753365 | AV54: 0.020261164 | AW54: 48.275935 | AX54: 0.025326796 | AY54: 72.914926 | AZ54: 0.018399466 | BA54: 94.430542 | BB54: 0.019151962 | BC54: 83.76814 | BD54: 0.016525414 | BE54: 69.851461 | BF54: 0.013336724
A55: 1990 | B55: 4 | C55: 83.452931 | D55: 0.014522223 | E55: 83.080362 | F55: 0.01522723 | G55: 154.26316 | H55: -0.005532662 | I55: 69.893991 | J55: 0.010580666 | K55: 105.67773 | L55: 0.0018767639 | M55: 219.78161 | N55: 0.0088185939 | O55: 80.730135 | P55: 0.00057202789 | Q55: 49.23849 | R55: 0.091595212 | S55: 217.97057 | T55: -0.027453473 | U55: 80.261113 | V55: 0.016802233 | W55: 94.540201 | X55: 0.017468686 | Y55: 111.52416 | Z55: 0.01220443 | AA55: 64.443909 | AB55: 0.023312772 | AC55: 56.113817 | AD55: 0.019971126 | AE55: 97.902272 | AF55: 0.0069411127 | AG55: 111.52609 | AH55: 0.023665821 | AI55: 82.199448 | AJ55: 0.060421026 | AK55: 184.58407 | AL55: -0.0027571435 | AM55: 59.463338 | AN55: 0.023046122 | AO55: 69.54543 | AP55: 0.017804235 | AQ55: 60.116859 | AR55: 0.012964691 | AS55: 71.376756 | AT55: 0.0070243095 | AU55: 43.595145 | AV55: 0.019689205 | AW55: 49.725786 | AX55: 0.030032589 | AY55: 74.404084 | AZ55: 0.020423227 | BA55: 93.424932 | BB55: -0.010649201 | BC55: 83.810351 | BD55: 0.00050390147 | BE55: 70.901857 | BF55: 0.015037566
A56: 1991 | B56: 1 | C56: 84.724078 | D56: 0.015231905 | E56: 84.412719 | F56: 0.016036962 | G56: 153.56034 | H56: -0.0045560125 | I56: 73.457266 | J56: 0.050981136 | K56: 107.3308 | L56: 0.015642521 | M56: 221.48777 | N56: 0.0077629982 | O56: 82.114764 | P56: 0.017151329 | Q56: 51.512606 | R56: 0.046185729 | S56: 207.60564 | T56: -0.047551963 | U56: 81.210001 | V56: 0.011822518 | W56: 95.872993 | X56: 0.014097628 | Y56: 112.10378 | Z56: 0.0051971839 | AA56: 65.802361 | AB56: 0.021079599 | AC56: 57.209939 | AD56: 0.019533893 | AE56: 101.51892 | AF56: 0.036941433 | AG56: 111.03908 | AH56: -0.0043667805 | AI56: 82.130309 | AJ56: -0.00084111058 | AK56: 183.00949 | AL56: -0.0085304189 | AM56: 60.747174 | AN56: 0.02159039 | AO56: 70.96443 | AP56: 0.020403922 | AQ56: 60.971156 | AR56: 0.014210609 | AS56: 72.356954 | AT56: 0.013732726 | AU56: 45.154247 | AV56: 0.035763206 | AW56: 51.801263 | AX56: 0.041738438 | AY56: 76.039084 | AZ56: 0.021974601 | BA56: 91.8388 | BB56: -0.016977614 | BC56: 83.771711 | BD56: -0.00046103744 | BE56: 72.118223 | BF56: 0.017155627
A57: 1991 | B57: 2 | C57: 85.927307 | D57: 0.014201734 | E57: 85.643255 | F57: 0.01457761 | G57: 156.45137 | H57: 0.018826683 | I57: 74.202341 | J57: 0.010142982 | K57: 108.7919 | L57: 0.013613048 | M57: 220.76772 | N57: -0.0032509986 | O57: 83.508073 | P57: 0.016967823 | Q57: 52.14089 | R57: 0.012196698 | S57: 199.38964 | T57: -0.039575033 | U57: 81.689609 | V57: 0.0059057741 | W57: 96.745348 | X57: 0.0090990672 | Y57: 112.16112 | Z57: 0.00051148615 | AA57: 67.7687 | AB57: 0.029882508 | AC57: 58.303738 | AD57: 0.019119041 | AE57: 103.65029 | AF57: 0.020994792 | AG57: 110.58474 | AH57: -0.0040917151 | AI57: 82.305934 | AJ57: 0.0021383692 | AK57: 180.90796 | AL57: -0.011483193 | AM57: 62.170532 | AN57: 0.023430849 | AO57: 72.32711 | AP57: 0.019202305 | AQ57: 61.671253 | AR57: 0.011482433 | AS57: 74.370146 | AT57: 0.027823071 | AU57: 48.464282 | AV57: 0.073305064 | AW57: 53.635505 | AX57: 0.035409215 | AY57: 77.669036 | AZ57: 0.021435706 | BA57: 91.536972 | BB57: -0.0032865006 | BC57: 84.39083 | BD57: 0.0073905491 | BE57: 73.295991 | BF57: 0.016331079
A58: 1991 | B58: 3 | C58: 86.905808 | D58: 0.011387552 | E58: 86.543741 | F58: 0.010514385 | G58: 151.79228 | H58: -0.029779786 | I58: 74.302852 | J58: 0.0013545428 | K58: 109.26238 | L58: 0.0043246492 | M58: 220.35206 | N58: -0.0018827691 | O58: 83.981516 | P58: 0.0056694284 | Q58: 52.378189 | R58: 0.0045511218 | S58: 192.71267 | T58: -0.033487052 | U58: 81.818108 | V58: 0.0015730166 | W58: 97.985491 | X58: 0.012818631 | Y58: 113.11443 | Z58: 0.0084995408 | AA58: 68.539092 | AB58: 0.011367955 | AC58: 59.433808 | AD58: 0.019382459 | AE58: 104.22425 | AF58: 0.0055374868 | AG58: 111.29386 | AH58: 0.0064124327 | AI58: 85.128793 | AJ58: 0.034297144 | AK58: 178.24066 | AL58: -0.01474397 | AM58: 63.331549 | AN58: 0.018674719 | AO58: 73.541161 | AP58: 0.016785561 | AQ58: 62.407543 | AR58: 0.011938953 | AS58: 77.198023 | AT58: 0.03802435 | AU58: 50.471769 | AV58: 0.041421994 | AW58: 54.751824 | AX58: 0.020813065 | AY58: 79.294571 | AZ58: 0.020928993 | BA58: 95.929006 | BB58: 0.047980993 | BC58: 87.069273 | BD58: 0.031738554 | BE58: 74.404765 | BF58: 0.015127343
A59: 1991 | B59: 4 | C59: 87.415169 | D59: 0.0058610604 | E59: 87.133871 | F59: 0.0068188618 | G59: 147.30348 | H59: -0.029571986 | I59: 74.233082 | J59: -0.00093898912 | K59: 109.1872 | L59: -0.00068808041 | M59: 222.29566 | N59: 0.0088204211 | O59: 83.772068 | P59: -0.0024939821 | Q59: 55.03775 | R59: 0.050776111 | S59: 186.94374 | T59: -0.029935408 | U59: 81.702899 | V59: -0.0014081184 | W59: 99.089031 | X59: 0.011262283 | Y59: 115.04175 | Z59: 0.017038611 | AA59: 67.824398 | AB59: -0.010427531 | AC59: 60.159256 | AD59: 0.012205983 | AE59: 104.70144 | AF59: 0.0045784464 | AG59: 111.39173 | AH59: 0.00087945921 | AI59: 87.542256 | AJ59: 0.028350735 | AK59: 174.95637 | AL59: -0.018426127 | AM59: 64.425892 | AN59: 0.017279581 | AO59: 74.775599 | AP59: 0.016785676 | AQ59: 63.626222 | AR59: 0.019527739 | AS59: 77.637104 | AT59: 0.0056877213 | AU59: 51.837355 | AV59: 0.027056439 | AW59: 55.419636 | AX59: 0.01219707 | AY59: 80.735445 | AZ59: 0.018171165 | BA59: 92.542338 | BB59: -0.035303905 | BC59: 86.163104 | BD59: -0.010407442 | BE59: 75.42829 | BF59: 0.013756175
A60: 1992 | B60: 1 | C60: 87.577482 | D60: 0.0018568093 | E60: 87.29457 | F60: 0.0018442764 | G60: 141.05266 | H60: -0.042435018 | I60: 74.874884 | J60: 0.0086457613 | K60: 108.84681 | L60: -0.0031174913 | M60: 221.89845 | N60: -0.0017868427 | O60: 83.477935 | P60: -0.0035111074 | Q60: 56.183151 | R60: 0.020811185 | S60: 180.40899 | T60: -0.034955679 | U60: 80.934151 | V60: -0.0094090582 | W60: 98.991974 | X60: -0.00097949746 | Y60: 114.23512 | Z60: -0.0070116052 | AA60: 66.84775 | AB60: -0.01439966 | AC60: 61.107869 | AD60: 0.015768373 | AE60: 106.14169 | AF60: 0.013755824 | AG60: 110.53435 | AH60: -0.0076970283 | AI60: 88.124682 | AJ60: 0.0066530813 | AK60: 170.99035 | AL60: -0.022668626 | AM60: 65.307974 | AN60: 0.013691421 | AO60: 76.047386 | AP60: 0.01700804 | AQ60: 63.994108 | AR60: 0.0057819903 | AS60: 78.522482 | AT60: 0.011404056 | AU60: 52.801238 | AV60: 0.018594366 | AW60: 55.935113 | AX60: 0.0093013381 | AY60: 81.754854 | AZ60: 0.012626537 | BA60: 92.908127 | BB60: 0.0039526637 | BC60: 86.823 | BD60: 0.0076586788 | BE60: 76.359349 | BF60: 0.012343631
A61: 1992 | B61: 2 | C61: 87.880803 | D61: 0.0034634656 | E61: 87.664179 | F61: 0.0042340532 | G61: 138.59105 | H61: -0.017451649 | I61: 75.811794 | J61: 0.012513017 | K61: 108.62847 | L61: -0.0020059925 | M61: 221.03278 | N61: -0.0039012029 | O61: 83.343545 | P61: -0.0016098848 | Q61: 56.437929 | R61: 0.0045347869 | S61: 176.37082 | T61: -0.022383434 | U61: 79.912704 | V61: -0.012620717 | W61: 99.821769 | X61: 0.0083824469 | Y61: 115.54114 | Z61: 0.01143274 | AA61: 66.969057 | AB61: 0.0018146769 | AC61: 61.789121 | AD61: 0.01114834 | AE61: 106.98022 | AF61: 0.0079000733 | AG61: 110.55703 | AH61: 0.00020520467 | AI61: 89.589174 | AJ61: 0.016618412 | AK61: 168.80091 | AL61: -0.012804477 | AM61: 66.141238 | AN61: 0.012758994 | AO61: 77.080959 | AP61: 0.013591169 | AQ61: 64.10186 | AR61: 0.0016837892 | AS61: 79.585338 | AT61: 0.013535689 | AU61: 53.092968 | AV61: 0.0055250604 | AW61: 56.9779 | AX61: 0.018642807 | AY61: 82.743204 | AZ61: 0.012089187 | BA61: 90.00717 | BB61: -0.031223923 | BC61: 86.031348 | BD61: -0.0091179979 | BE61: 77.228205 | BF61: 0.01137851
A62: 1992 | B62: 3 | C62: 88.144111 | D62: 0.0029961861 | E62: 87.943121 | F62: 0.0031819364 | G62: 138.52636 | H62: -0.00046681267 | I62: 77.246733 | J62: 0.018927651 | K62: 109.1005 | L62: 0.0043453855 | M62: 221.9161 | N62: 0.0039963008 | O62: 83.711988 | P62: 0.0044207778 | Q62: 58.804165 | R62: 0.041926337 | S62: 173.18012 | T62: -0.018090842 | U62: 78.918611 | V62: -0.012439741 | W62: 99.653414 | X62: -0.0016865549 | Y62: 114.78743 | Z62: -0.0065233244 | AA62: 66.886261 | AB62: -0.0012363396 | AC62: 62.581738 | AD62: 0.012827786 | AE62: 107.76571 | AF62: 0.0073424158 | AG62: 110.79959 | AH62: 0.0021939977 | AI62: 90.108293 | AJ62: 0.005794436 | AK62: 168.34701 | AL62: -0.0026889945 | AM62: 66.649749 | AN62: 0.0076882528 | AO62: 77.719581 | AP62: 0.0082850832 | AQ62: 64.726354 | AR62: 0.0097422014 | AS62: 79.255131 | AT62: -0.0041490836 | AU62: 52.156377 | AV62: -0.017640587 | AW62: 57.352446 | AX62: 0.0065735192 | AY62: 83.542187 | AZ62: 0.0096561701 | BA62: 89.466936 | BB62: -0.0060021221 | BC62: 86.262674 | BD62: 0.0026888548 | BE62: 78.01624 | BF62: 0.010203985
A63: 1992 | B63: 4 | C63: 88.628843 | D63: 0.0054993108 | E63: 88.35328 | F63: 0.0046639091 | G63: 134.46144 | H63: -0.029343976 | I63: 78.414695 | J63: 0.015119887 | K63: 109.77031 | L63: 0.0061394437 | M63: 223.53675 | N63: 0.0073030235 | O63: 84.205297 | P63: 0.005892921 | Q63: 60.074455 | R63: 0.021602043 | S63: 173.05763 | T63: -0.0007073208 | U63: 77.914339 | V63: -0.012725409 | W63: 100.25687 | X63: 0.0060555301 | Y63: 116.05713 | Z63: 0.011061365 | AA63: 65.738443 | AB63: -0.017160738 | AC63: 63.02378 | AD63: 0.0070634375 | AE63: 107.96838 | AF63: 0.0018806676 | AG63: 113.58316 | AH63: 0.025122565 | AI63: 93.572497 | AJ63: 0.038444896 | AK63: 169.62735 | AL63: 0.0076053764 | AM63: 67.104149 | AN63: 0.0068177331 | AO63: 78.067979 | AP63: 0.0044827584 | AQ63: 65.543999 | AR63: 0.012632337 | AS63: 79.771142 | AT63: 0.0065107525 | AU63: 49.777502 | AV63: -0.045610438 | AW63: 57.340359 | AX63: -0.0002107381 | AY63: 83.906794 | AZ63: 0.0043643483 | BA63: 93.497778 | BB63: 0.045053984 | BC63: 88.469794 | BD63: 0.025586039 | BE63: 78.718145 | BF63: 0.0089969051
A64: 1993 | B64: 1 | C64: 89.226695 | D64: 0.0067455692 | E64: 88.907478 | F64: 0.0062725289 | G64: 135.85035 | H64: 0.010329361 | I64: 77.155424 | J64: -0.016059122 | K64: 110.05872 | L64: 0.0026273826 | M64: 226.25277 | N64: 0.012150179 | O64: 84.250202 | P64: 0.00053328318 | Q64: 59.43579 | R64: -0.010631229 | S64: 170.50874 | T64: -0.014728536 | U64: 77.582115 | V64: -0.0042639724 | W64: 100.64552 | X64: 0.0038765328 | Y64: 115.90638 | Z64: -0.0012989937 | AA64: 64.274427 | AB64: -0.022270314 | AC64: 63.905853 | AD64: 0.013995868 | AE64: 108.97219 | AF64: 0.0092972485 | AG64: 120.06313 | AH64: 0.057050448 | AI64: 103.0102 | AJ64: 0.1008598 | AK64: 172.68037 | AL64: 0.017998415 | AM64: 67.230315 | AN64: 0.0018801561 | AO64: 78.171398 | AP64: 0.0013247348 | AQ64: 66.077527 | AR64: 0.0081400048 | AS64: 79.886681 | AT64: 0.0014483821 | AU64: 50.855458 | AV64: 0.021655494 | AW64: 57.099503 | AX64: -0.0042004741 | AY64: 84.168348 | AZ64: 0.0031171947 | BA64: 96.092581 | BB64: 0.027752564 | BC64: 90.02304 | BD64: 0.01755679 | BE64: 79.334776 | BF64: 0.0078334053
... A197: 2026 | B197: 2 | C197: 108.36442 | D197: -0.00049357799 | E197: 108.08158 | F197: -0.00099665053 | G197: 100.16868 | H197: -0.0093519765 | I197: 108.35187 | J197: 0.00437212 | K197: 89.761712 | L197: -0.013908196 | M197: 74.846219 | N197: 0.0041443826 | O197: 100.5693 | P197: -0.024910139 | Q197: 137.37072 | R197: -0.059131345 | S197: 94.509794 | T197: -0.0038459858 | U197: 119.3859 | V197: -0.00015084096 | W197: 136.00807 | X197: 0.014277664 | Y197: 100.08054 | Z197: -0.0058863666 | AA197: 108.08652 | AB197: 0.0009587269 | AC197: 110.64675 | AD197: 0.00092489049 | AE197: 100.21885 | AF197: -0.0001636309 | AG197: 107.2334 | AH197: -0.0057223133 | AI197: 112.48414 | AJ197: -0.0027046047 | AK197: 104.74519 | AL197: -0.011255311 | AM197: 110.2244 | AN197: 0.0044712026 | AO197: 113.31286 | AP197: 0.0011227047 | AQ197: 116.22523 | AR197: 0.00058498637 | AS197: 100.35035 | AT197: 0.0013141666 | AU197: 97.246601 | AV197: 0.0032127068 | AW197: 105.76082 | AX197: 0.0037186735 | AY197: 105.99533 | AZ197: -0.0056437952 | BA197: 119.79781 | BB197: 0.017646928 | BC197: 111.7506 | BD197: 0.010086101 | BE197: 103.08863 | BF197: 8.6046384e-06

Sheet gc_q
A1: =INDIRECT("beschriftung!"&ADDRESS(beschriftung!$C$1*12+ROW(beschriftung!$A1)-1,COLUMN(beschriftung!A$1))) -> ESA 2010, Quarterly aggregates of Gross Domestic Product, production approach, seasonally, calendar and sport event adjusted data. Background information on sport event adjustment can be found in the publication “Konjunkturtendenzen” (“Economic Trends”) from autumn 2022 and in the technical note from 5 September 2022 on the website www.seco.admin.ch.
A2: =INDIRECT("beschriftung!"&ADDRESS(beschriftung!$C$1*12+ROW(beschriftung!$A5)-1,COLUMN(beschriftung!A$1))) -> Contributions to real GDP-growth
C4: =INDIRECT("beschriftung!"&ADDRESS(beschriftung!$C$1*12+ROW(beschriftung!$A5)-1,COLUMN(beschriftung!C$1))) -> Gross domestic product | D4: =IF(INDIRECT("beschriftung.!"&ADDRESS(#REF!*12+ROW($A5)-1,COLUMN(D$1)))="","",INDIRECT("beschriftung.!"&ADDRESS(#REF!*12+ROW($A5)-1,COLUMN(D$1)))) -> #REF! | E4: =IF(INDIRECT("beschriftung.!"&ADDRESS(#REF!*12+ROW($A5)-1,COLUMN(E$1)))="","",INDIRECT("beschriftung.!"&ADDRESS(#REF!*12+ROW($A5)-1,COLUMN(E$1)))) -> #REF! | F4: =IF(INDIRECT("beschriftung.!"&ADDRESS(#REF!*12+ROW($A5)-1,COLUMN(F$1)))="","",INDIRECT("beschriftung.!"&ADDRESS(#REF!*12+ROW($A5)-1,COLUMN(F$1)))) -> #REF! | G4: =IF(INDIRECT("beschriftung.!"&ADDRESS(#REF!*12+ROW($A5)-1,COLUMN(G$1)))="","",INDIRECT("beschriftung.!"&ADDRESS(#REF!*12+ROW($A5)-1,COLUMN(G$1)))) -> #REF! | H4: =IF(INDIRECT("beschriftung.!"&ADDRESS(#REF!*12+ROW($A5)-1,COLUMN(H$1)))="","",INDIRECT("beschriftung.!"&ADDRESS(#REF!*12+ROW($A5)-1,COLUMN(H$1)))) -> #REF! | I4: =IF(INDIRECT("beschriftung.!"&ADDRESS(#REF!*12+ROW($A5)-1,COLUMN(I$1)))="","",INDIRECT("beschriftung.!"&ADDRESS(#REF!*12+ROW($A5)-1,COLUMN(I$1)))) -> #REF! | J4: =IF(INDIRECT("beschriftung.!"&ADDRESS(#REF!*12+ROW($A5)-1,COLUMN(J$1)))="","",INDIRECT("beschriftung.!"&ADDRESS(#REF!*12+ROW($A5)-1,COLUMN(J$1)))) -> #REF! | K4: =IF(INDIRECT("beschriftung.!"&ADDRESS(#REF!*12+ROW($A5)-1,COLUMN(K$1)))="","",INDIRECT("beschriftung.!"&ADDRESS(#REF!*12+ROW($A5)-1,COLUMN(K$1)))) -> #REF! | L4: =IF(INDIRECT("beschriftung.!"&ADDRESS(#REF!*12+ROW($A5)-1,COLUMN(L$1)))="","",INDIRECT("beschriftung.!"&ADDRESS(#REF!*12+ROW($A5)-1,COLUMN(L$1)))) -> #REF! | Q4: =IF(INDIRECT("beschriftung.!"&ADDRESS(#REF!*12+ROW($A5)-1,COLUMN(Q$1)))="","",INDIRECT("beschriftung.!"&ADDRESS(#REF!*12+ROW($A5)-1,COLUMN(Q$1)))) -> #REF! | R4: =IF(INDIRECT("beschriftung.!"&ADDRESS(#REF!*12+ROW($A5)-1,COLUMN(R$1)))="","",INDIRECT("beschriftung.!"&ADDRESS(#REF!*12+ROW($A5)-1,COLUMN(R$1)))) -> #REF! | U4: =IF(INDIRECT("beschriftung.!"&ADDRESS(#REF!*12+ROW($A5)-1,COLUMN(U$1)))="","",INDIRECT("beschriftung.!"&ADDRESS(#REF!*12+ROW($A5)-1,COLUMN(U$1)))) -> #REF! | V4: =IF(INDIRECT("beschriftung.!"&ADDRESS(#REF!*12+ROW($A5)-1,COLUMN(V$1)))="","",INDIRECT("beschriftung.!"&ADDRESS(#REF!*12+ROW($A5)-1,COLUMN(V$1)))) -> #REF! | W4: =IF(INDIRECT("beschriftung.!"&ADDRESS(#REF!*12+ROW($A5)-1,COLUMN(W$1)))="","",INDIRECT("beschriftung.!"&ADDRESS(#REF!*12+ROW($A5)-1,COLUMN(W$1)))) -> #REF! | X4: =IF(INDIRECT("beschriftung.!"&ADDRESS(#REF!*12+ROW($A5)-1,COLUMN(X$1)))="","",INDIRECT("beschriftung.!"&ADDRESS(#REF!*12+ROW($A5)-1,COLUMN(X$1)))) -> #REF! | AA4: =IF(INDIRECT("beschriftung.!"&ADDRESS(#REF!*12+ROW($A5)-1,COLUMN(AA$1)))="","",INDIRECT("beschriftung.!"&ADDRESS(#REF!*12+ROW($A5)-1,COLUMN(AA$1)))) -> #REF! | AB4: =IF(INDIRECT("beschriftung.!"&ADDRESS(#REF!*12+ROW($A5)-1,COLUMN(AB$1)))="","",INDIRECT("beschriftung.!"&ADDRESS(#REF!*12+ROW($A5)-1,COLUMN(AB$1)))) -> #REF! | AG4: =IF(INDIRECT("beschriftung.!"&ADDRESS(#REF!*12+ROW($A5)-1,COLUMN(AG$1)))="","",INDIRECT("beschriftung.!"&ADDRESS(#REF!*12+ROW($A5)-1,COLUMN(AG$1)))) -> #REF! | AH4: =IF(INDIRECT("beschriftung.!"&ADDRESS(#REF!*12+ROW($A5)-1,COLUMN(AH$1)))="","",INDIRECT("beschriftung.!"&ADDRESS(#REF!*12+ROW($A5)-1,COLUMN(AH$1)))) -> #REF! | AI4: =IF(INDIRECT("beschriftung.!"&ADDRESS(#REF!*12+ROW($A5)-1,COLUMN(AI$1)))="","",INDIRECT("beschriftung.!"&ADDRESS(#REF!*12+ROW($A5)-1,COLUMN(AI$1)))) -> #REF! | AJ4: =IF(INDIRECT("beschriftung.!"&ADDRESS(#REF!*12+ROW($A5)-1,COLUMN(AJ$1)))="","",INDIRECT("beschriftung.!"&ADDRESS(#REF!*12+ROW($A5)-1,COLUMN(AJ$1)))) -> #REF! | AM4: =IF(INDIRECT("beschriftung.!"&ADDRESS(#REF!*12+ROW($A5)-1,COLUMN(AM$1)))="","",INDIRECT("beschriftung.!"&ADDRESS(#REF!*12+ROW($A5)-1,COLUMN(AM$1)))) -> #REF! | AN4: =IF(INDIRECT("beschriftung.!"&ADDRESS(#REF!*12+ROW($A5)-1,COLUMN(AN$1)))="","",INDIRECT("beschriftung.!"&ADDRESS(#REF!*12+ROW($A5)-1,COLUMN(AN$1)))) -> #REF! | AO4: =IF(INDIRECT("beschriftung.!"&ADDRESS(#REF!*12+ROW($A5)-1,COLUMN(AO$1)))="","",INDIRECT("beschriftung.!"&ADDRESS(#REF!*12+ROW($A5)-1,COLUMN(AO$1)))) -> #REF! | AP4: =IF(INDIRECT("beschriftung.!"&ADDRESS(#REF!*12+ROW($A5)-1,COLUMN(AP$1)))="","",INDIRECT("beschriftung.!"&ADDRESS(#REF!*12+ROW($A5)-1,COLUMN(AP$1)))) -> #REF! | AQ4: =IF(INDIRECT("beschriftung.!"&ADDRESS(#REF!*12+ROW($A5)-1,COLUMN(AQ$1)))="","",INDIRECT("beschriftung.!"&ADDRESS(#REF!*12+ROW($A5)-1,COLUMN(AQ$1)))) -> #REF! | AR4: =IF(INDIRECT("beschriftung.!"&ADDRESS(#REF!*12+ROW($A5)-1,COLUMN(AR$1)))="","",INDIRECT("beschriftung.!"&ADDRESS(#REF!*12+ROW($A5)-1,COLUMN(AR$1)))) -> #REF! | AS4: =IF(INDIRECT("beschriftung.!"&ADDRESS(#REF!*12+ROW($A5)-1,COLUMN(AS$1)))="","",INDIRECT("beschriftung.!"&ADDRESS(#REF!*12+ROW($A5)-1,COLUMN(AS$1)))) -> #REF! | AT4: =IF(INDIRECT("beschriftung.!"&ADDRESS(#REF!*12+ROW($A5)-1,COLUMN(AT$1)))="","",INDIRECT("beschriftung.!"&ADDRESS(#REF!*12+ROW($A5)-1,COLUMN(AT$1)))) -> #REF! | ... AV4: =IF(INDIRECT("beschriftung.!"&ADDRESS(#REF!*12+ROW($A5)-1,COLUMN(AV$1)))="","",INDIRECT("beschriftung.!"&ADDRESS(#REF!*12+ROW($A5)-1,COLUMN(AV$1)))) -> #REF! | AY4: =IF(INDIRECT("beschriftung.!"&ADDRESS(#REF!*12+ROW($A5)-1,COLUMN(AY$1)))="","",INDIRECT("beschriftung.!"&ADDRESS(#REF!*12+ROW($A5)-1,COLUMN(AY$1)))) -> #REF! | AZ4: =IF(INDIRECT("beschriftung.!"&ADDRESS(#REF!*12+ROW($A5)-1,COLUMN(AZ$1)))="","",INDIRECT("beschriftung.!"&ADDRESS(#REF!*12+ROW($A5)-1,COLUMN(AZ$1)))) -> #REF! | BA4: =IF(INDIRECT("beschriftung.!"&ADDRESS(#REF!*12+ROW($A5)-1,COLUMN(BA$1)))="","",INDIRECT("beschriftung.!"&ADDRESS(#REF!*12+ROW($A5)-1,COLUMN(BA$1)))) -> #REF! | BB4: =IF(INDIRECT("beschriftung.!"&ADDRESS(#REF!*12+ROW($A5)-1,COLUMN(BB$1)))="","",INDIRECT("beschriftung.!"&ADDRESS(#REF!*12+ROW($A5)-1,COLUMN(BB$1)))) -> #REF! | BC4: =IF(INDIRECT("beschriftung.!"&ADDRESS(#REF!*12+ROW($A5)-1,COLUMN(BC$1)))="","",INDIRECT("beschriftung.!"&ADDRESS(#REF!*12+ROW($A5)-1,COLUMN(BC$1)))) -> #REF! | BD4: =IF(INDIRECT("beschriftung.!"&ADDRESS(#REF!*12+ROW($A5)-1,COLUMN(BD$1)))="","",INDIRECT("beschriftung.!"&ADDRESS(#REF!*12+ROW($A5)-1,COLUMN(BD$1)))) -> #REF! | BE4: =IF(INDIRECT("beschriftung.!"&ADDRESS(#REF!*12+ROW($A5)-1,COLUMN(BE$1)))="","",INDIRECT("beschriftung.!"&ADDRESS(#REF!*12+ROW($A5)-1,COLUMN(BE$1)))) -> #REF! | BF4: =IF(INDIRECT("beschriftung.!"&ADDRESS(#REF!*12+ROW($A5)-1,COLUMN(BF$1)))="","",INDIRECT("beschriftung.!"&ADDRESS(#REF!*12+ROW($A5)-1,COLUMN(BF$1)))) -> #REF!
E5: =INDIRECT("beschriftung!"&ADDRESS(beschriftung!$C$1*12+ROW(beschriftung!$A6)-1,COLUMN(beschriftung!D$1))) -> Gross value added before adjustments | F5: =IF(INDIRECT("beschriftung.!"&ADDRESS(#REF!*12+ROW($A6)-1,COLUMN(F$1)))="","",INDIRECT("beschriftung.!"&ADDRESS(#REF!*12+ROW($A6)-1,COLUMN(F$1)))) -> #REF! | G5: =IF(INDIRECT("beschriftung.!"&ADDRESS(#REF!*12+ROW($A6)-1,COLUMN(G$1)))="","",INDIRECT("beschriftung.!"&ADDRESS(#REF!*12+ROW($A6)-1,COLUMN(G$1)))) -> #REF! | H5: =IF(INDIRECT("beschriftung.!"&ADDRESS(#REF!*12+ROW($A6)-1,COLUMN(H$1)))="","",INDIRECT("beschriftung.!"&ADDRESS(#REF!*12+ROW($A6)-1,COLUMN(H$1)))) -> #REF! | I5: =IF(INDIRECT("beschriftung.!"&ADDRESS(#REF!*12+ROW($A6)-1,COLUMN(I$1)))="","",INDIRECT("beschriftung.!"&ADDRESS(#REF!*12+ROW($A6)-1,COLUMN(I$1)))) -> #REF! | J5: =IF(INDIRECT("beschriftung.!"&ADDRESS(#REF!*12+ROW($A6)-1,COLUMN(J$1)))="","",INDIRECT("beschriftung.!"&ADDRESS(#REF!*12+ROW($A6)-1,COLUMN(J$1)))) -> #REF! | K5: =IF(INDIRECT("beschriftung.!"&ADDRESS(#REF!*12+ROW($A6)-1,COLUMN(K$1)))="","",INDIRECT("beschriftung.!"&ADDRESS(#REF!*12+ROW($A6)-1,COLUMN(K$1)))) -> #REF! | L5: =IF(INDIRECT("beschriftung.!"&ADDRESS(#REF!*12+ROW($A6)-1,COLUMN(L$1)))="","",INDIRECT("beschriftung.!"&ADDRESS(#REF!*12+ROW($A6)-1,COLUMN(L$1)))) -> #REF! | Q5: =IF(INDIRECT("beschriftung.!"&ADDRESS(#REF!*12+ROW($A6)-1,COLUMN(Q$1)))="","",INDIRECT("beschriftung.!"&ADDRESS(#REF!*12+ROW($A6)-1,COLUMN(Q$1)))) -> #REF! | R5: =IF(INDIRECT("beschriftung.!"&ADDRESS(#REF!*12+ROW($A6)-1,COLUMN(R$1)))="","",INDIRECT("beschriftung.!"&ADDRESS(#REF!*12+ROW($A6)-1,COLUMN(R$1)))) -> #REF! | U5: =IF(INDIRECT("beschriftung.!"&ADDRESS(#REF!*12+ROW($A6)-1,COLUMN(U$1)))="","",INDIRECT("beschriftung.!"&ADDRESS(#REF!*12+ROW($A6)-1,COLUMN(U$1)))) -> #REF! | V5: =IF(INDIRECT("beschriftung.!"&ADDRESS(#REF!*12+ROW($A6)-1,COLUMN(V$1)))="","",INDIRECT("beschriftung.!"&ADDRESS(#REF!*12+ROW($A6)-1,COLUMN(V$1)))) -> #REF! | W5: =IF(INDIRECT("beschriftung.!"&ADDRESS(#REF!*12+ROW($A6)-1,COLUMN(W$1)))="","",INDIRECT("beschriftung.!"&ADDRESS(#REF!*12+ROW($A6)-1,COLUMN(W$1)))) -> #REF! | X5: =IF(INDIRECT("beschriftung.!"&ADDRESS(#REF!*12+ROW($A6)-1,COLUMN(X$1)))="","",INDIRECT("beschriftung.!"&ADDRESS(#REF!*12+ROW($A6)-1,COLUMN(X$1)))) -> #REF! | AA5: =IF(INDIRECT("beschriftung.!"&ADDRESS(#REF!*12+ROW($A6)-1,COLUMN(AA$1)))="","",INDIRECT("beschriftung.!"&ADDRESS(#REF!*12+ROW($A6)-1,COLUMN(AA$1)))) -> #REF! | AB5: =IF(INDIRECT("beschriftung.!"&ADDRESS(#REF!*12+ROW($A6)-1,COLUMN(AB$1)))="","",INDIRECT("beschriftung.!"&ADDRESS(#REF!*12+ROW($A6)-1,COLUMN(AB$1)))) -> #REF! | AG5: =IF(INDIRECT("beschriftung.!"&ADDRESS(#REF!*12+ROW($A6)-1,COLUMN(AG$1)))="","",INDIRECT("beschriftung.!"&ADDRESS(#REF!*12+ROW($A6)-1,COLUMN(AG$1)))) -> #REF! | AH5: =IF(INDIRECT("beschriftung.!"&ADDRESS(#REF!*12+ROW($A6)-1,COLUMN(AH$1)))="","",INDIRECT("beschriftung.!"&ADDRESS(#REF!*12+ROW($A6)-1,COLUMN(AH$1)))) -> #REF! | AI5: =IF(INDIRECT("beschriftung.!"&ADDRESS(#REF!*12+ROW($A6)-1,COLUMN(AI$1)))="","",INDIRECT("beschriftung.!"&ADDRESS(#REF!*12+ROW($A6)-1,COLUMN(AI$1)))) -> #REF! | AJ5: =IF(INDIRECT("beschriftung.!"&ADDRESS(#REF!*12+ROW($A6)-1,COLUMN(AJ$1)))="","",INDIRECT("beschriftung.!"&ADDRESS(#REF!*12+ROW($A6)-1,COLUMN(AJ$1)))) -> #REF! | AM5: =IF(INDIRECT("beschriftung.!"&ADDRESS(#REF!*12+ROW($A6)-1,COLUMN(AM$1)))="","",INDIRECT("beschriftung.!"&ADDRESS(#REF!*12+ROW($A6)-1,COLUMN(AM$1)))) -> #REF! | AN5: =IF(INDIRECT("beschriftung.!"&ADDRESS(#REF!*12+ROW($A6)-1,COLUMN(AN$1)))="","",INDIRECT("beschriftung.!"&ADDRESS(#REF!*12+ROW($A6)-1,COLUMN(AN$1)))) -> #REF! | AO5: =IF(INDIRECT("beschriftung.!"&ADDRESS(#REF!*12+ROW($A6)-1,COLUMN(AO$1)))="","",INDIRECT("beschriftung.!"&ADDRESS(#REF!*12+ROW($A6)-1,COLUMN(AO$1)))) -> #REF! | AP5: =IF(INDIRECT("beschriftung.!"&ADDRESS(#REF!*12+ROW($A6)-1,COLUMN(AP$1)))="","",INDIRECT("beschriftung.!"&ADDRESS(#REF!*12+ROW($A6)-1,COLUMN(AP$1)))) -> #REF! | AQ5: =IF(INDIRECT("beschriftung.!"&ADDRESS(#REF!*12+ROW($A6)-1,COLUMN(AQ$1)))="","",INDIRECT("beschriftung.!"&ADDRESS(#REF!*12+ROW($A6)-1,COLUMN(AQ$1)))) -> #REF! | AR5: =IF(INDIRECT("beschriftung.!"&ADDRESS(#REF!*12+ROW($A6)-1,COLUMN(AR$1)))="","",INDIRECT("beschriftung.!"&ADDRESS(#REF!*12+ROW($A6)-1,COLUMN(AR$1)))) -> #REF! | AS5: =IF(INDIRECT("beschriftung.!"&ADDRESS(#REF!*12+ROW($A6)-1,COLUMN(AS$1)))="","",INDIRECT("beschriftung.!"&ADDRESS(#REF!*12+ROW($A6)-1,COLUMN(AS$1)))) -> #REF! | AT5: =IF(INDIRECT("beschriftung.!"&ADDRESS(#REF!*12+ROW($A6)-1,COLUMN(AT$1)))="","",INDIRECT("beschriftung.!"&ADDRESS(#REF!*12+ROW($A6)-1,COLUMN(AT$1)))) -> #REF! | ... AV5: =IF(INDIRECT("beschriftung.!"&ADDRESS(#REF!*12+ROW($A6)-1,COLUMN(AV$1)))="","",INDIRECT("beschriftung.!"&ADDRESS(#REF!*12+ROW($A6)-1,COLUMN(AV$1)))) -> #REF! | AY5: =IF(INDIRECT("beschriftung.!"&ADDRESS(#REF!*12+ROW($A6)-1,COLUMN(AY$1)))="","",INDIRECT("beschriftung.!"&ADDRESS(#REF!*12+ROW($A6)-1,COLUMN(AY$1)))) -> #REF! | AZ5: =IF(INDIRECT("beschriftung.!"&ADDRESS(#REF!*12+ROW($A6)-1,COLUMN(AZ$1)))="","",INDIRECT("beschriftung.!"&ADDRESS(#REF!*12+ROW($A6)-1,COLUMN(AZ$1)))) -> #REF! | BA5: =INDIRECT("beschriftung!"&ADDRESS(beschriftung!$C$1*12+ROW(beschriftung!$A6)-1,COLUMN(beschriftung!AS$1))) -> Adjustments | BB5: =IF(INDIRECT("beschriftung.!"&ADDRESS(#REF!*12+ROW($A6)-1,COLUMN(BB$1)))="","",INDIRECT("beschriftung.!"&ADDRESS(#REF!*12+ROW($A6)-1,COLUMN(BB$1)))) -> #REF! | BC5: =IF(INDIRECT("beschriftung.!"&ADDRESS(#REF!*12+ROW($A6)-1,COLUMN(BC$1)))="","",INDIRECT("beschriftung.!"&ADDRESS(#REF!*12+ROW($A6)-1,COLUMN(BC$1)))) -> #REF! | BD5: =IF(INDIRECT("beschriftung.!"&ADDRESS(#REF!*12+ROW($A6)-1,COLUMN(BD$1)))="","",INDIRECT("beschriftung.!"&ADDRESS(#REF!*12+ROW($A6)-1,COLUMN(BD$1)))) -> #REF! | BE5: =IF(INDIRECT("beschriftung.!"&ADDRESS(#REF!*12+ROW($A6)-1,COLUMN(BE$1)))="","",INDIRECT("beschriftung.!"&ADDRESS(#REF!*12+ROW($A6)-1,COLUMN(BE$1)))) -> #REF! | BF5: =IF(INDIRECT("beschriftung.!"&ADDRESS(#REF!*12+ROW($A6)-1,COLUMN(BF$1)))="","",INDIRECT("beschriftung.!"&ADDRESS(#REF!*12+ROW($A6)-1,COLUMN(BF$1)))) -> #REF!
G6: =INDIRECT("beschriftung!"&ADDRESS(beschriftung!$C$1*12+ROW(beschriftung!$A7)-1,COLUMN(beschriftung!E$1))) -> Agriculture, forestry and fishing | I6: =INDIRECT("beschriftung!"&ADDRESS(beschriftung!$C$1*12+ROW(beschriftung!$A7)-1,COLUMN(beschriftung!G$1))) -> Mining and quarrying | K6: =INDIRECT("beschriftung!"&ADDRESS(beschriftung!$C$1*12+ROW(beschriftung!$A7)-1,COLUMN(beschriftung!I$1))) -> Manufacturing | Q6: =INDIRECT("beschriftung!"&ADDRESS(beschriftung!$C$1*12+ROW(beschriftung!$A7)-1,COLUMN(beschriftung!M$1))) -> Electricity, gas, steam and air conditioning supply | S6: =INDIRECT("beschriftung!"&ADDRESS(beschriftung!$C$1*12+ROW(beschriftung!$A7)-1,COLUMN(beschriftung!O$1))) -> Water supply, sewerage, waste management and remediation activities | U6: =INDIRECT("beschriftung!"&ADDRESS(beschriftung!$C$1*12+ROW(beschriftung!$A7)-1,COLUMN(beschriftung!Q$1))) -> Construction | W6: =INDIRECT("beschriftung!"&ADDRESS(beschriftung!$C$1*12+ROW(beschriftung!$A7)-1,COLUMN(beschriftung!S$1))) -> Trade, repair of motor vehicles and motorcycles | AA6: =INDIRECT("beschriftung!"&ADDRESS(beschriftung!$C$1*12+ROW(beschriftung!$A7)-1,COLUMN(beschriftung!W$1))) -> Transportation and storage | AC6: =INDIRECT("beschriftung!"&ADDRESS(beschriftung!$C$1*12+ROW(beschriftung!$A7)-1,COLUMN(beschriftung!Y$1))) -> Accommodation and food service activities | AE6: =INDIRECT("beschriftung!"&ADDRESS(beschriftung!$C$1*12+ROW(beschriftung!$A7)-1,COLUMN(beschriftung!X$1))) -> Information and communication | AG6: =INDIRECT("beschriftung!"&ADDRESS(beschriftung!$C$1*12+ROW(beschriftung!$A7)-1,COLUMN(beschriftung!AA$1))) -> Financial and insurance activities | AM6: =INDIRECT("beschriftung!"&ADDRESS(beschriftung!$C$1*12+ROW(beschriftung!$A7)-1,COLUMN(beschriftung!AE$1))) -> Real estate, professional, scientific, technical activities and administrative services | AO6: =INDIRECT("beschriftung!"&ADDRESS(beschriftung!$C$1*12+ROW(beschriftung!$A7)-1,COLUMN(beschriftung!AG$1))) -> Public administration | AQ6: =INDIRECT("beschriftung!"&ADDRESS(beschriftung!$C$1*12+ROW(beschriftung!$A7)-1,COLUMN(beschriftung!AI$1))) -> Education | AS6: =INDIRECT("beschriftung!"&ADDRESS(beschriftung!$C$1*12+ROW(beschriftung!$A7)-1,COLUMN(beschriftung!AK$1))) -> Human health and social work activities | AU6: =INDIRECT("beschriftung!"&ADDRESS(beschriftung!$C$1*12+ROW(beschriftung!$A7)-1,COLUMN(beschriftung!AM$1))) -> Arts, entertainment and recreation | AW6: =INDIRECT("beschriftung!"&ADDRESS(beschriftung!$C$1*12+ROW(beschriftung!$A7)-1,COLUMN(beschriftung!AO$1))) -> Other service activities | AY6: =INDIRECT("beschriftung!"&ADDRESS(beschriftung!$C$1*12+ROW(beschriftung!$A7)-1,COLUMN(beschriftung!AQ$1))) -> Activities of housholds as employers and producers for own use | BC6: =INDIRECT("beschriftung!"&ADDRESS(beschriftung!$C$1*12+ROW(beschriftung!$A7)-1,COLUMN(beschriftung!AU$1))) -> Taxes on products | BE6: =INDIRECT("beschriftung!"&ADDRESS(beschriftung!$C$1*12+ROW(beschriftung!$A7)-1,COLUMN(beschriftung!AW$1))) -> Subsidies on products
M8: =INDIRECT("beschriftung!"&ADDRESS(beschriftung!$C$1*12+ROW(beschriftung!$A7),COLUMN(beschriftung!J$1))) -> thereof chemicals and pharmaceuticals | O8: =INDIRECT("beschriftung!"&ADDRESS(beschriftung!$C$1*12+ROW(beschriftung!$A7),COLUMN(beschriftung!K$1))) -> thereof other manufacturing | Y8: =INDIRECT("beschriftung!"&ADDRESS(beschriftung!$C$1*12+ROW(beschriftung!$A7),COLUMN(beschriftung!U$1))) -> thereof retail trade | AI8: =INDIRECT("beschriftung!"&ADDRESS(beschriftung!$C$1*12+ROW(beschriftung!$A7),COLUMN(beschriftung!AB$1))) -> thereof financial activities | AK8: =INDIRECT("beschriftung!"&ADDRESS(beschriftung!$C$1*12+ROW(beschriftung!$A7),COLUMN(beschriftung!AC$1))) -> thereof insurance activities
C11: B1GQ | E11: B1G | G11: NOGA 01-03 | I11: NOGA 05-09 | K11: NOGA 10-33 | M11: NOGA 19-21 | O11: NOGA 10-18; 22-33 | Q11: NOGA 35 | S11: NOGA 36-39 | U11: NOGA 41-43 | W11: NOGA 45-47 | Y11: NOGA 47 | AA11: NOGA 49-53 | AC11: NOGA 55-56 | AE11: NOGA 58-63 | AG11: NOGA 64-66 | AI11: NOGA 64 | AK11: NOGA 65 | AM11: NOGA 68-75; 77-82 | AO11: NOGA 84 | AQ11: NOGA 85 | AS11: NOGA 86-88 | AU11: NOGA 90-93 | AW11: NOGA 94-96 | AY11: NOGA 97-98 | BC11: D21 | BE11: D31
A12: 1980 | B12: 1
A13: 1980 | B13: 2
A14: 1980 | B14: 3
A15: 1980 | B15: 4
A16: 1981 | B16: 1
A17: 1981 | B17: 2
A18: 1981 | B18: 3
A19: 1981 | B19: 4
A20: 1982 | B20: 1
A21: 1982 | B21: 2
A22: 1982 | B22: 3
A23: 1982 | B23: 4
... A51: 1989 | B51: 4
A52: 1990 | B52: 1 | E52: 0.019261468 | G52: -0.0006624969 | I52: -5.8990497e-05 | K52: 0.0041293572 | M52: 0.00060387075 | O52: 0.0035231286 | Q52: 0.00055345565 | S52: 0.00014897878 | U52: 0.0011676716 | W52: 0.009374323 | Y52: 0.0010133548 | AA52: -0.0017368605 | AC52: 0.00042869333 | AE52: -3.4016104e-06 | AG52: 0.0014249935 | AI52: 0.00068036804 | AK52: 0.00075630972 | AM52: 0.001270567 | AO52: 0.0012553621 | AQ52: 0.0014362561 | AS52: 9.9026877e-05 | AU52: -6.8429787e-05 | AW52: 0.00030159814 | AY52: 8.7113133e-05 | BA52: 0.00044771146 | BC52: 0.00078229102 | BE52: -0.00034544622
A53: 1990 | B53: 2 | E53: 0.0033634198 | G53: -0.00030430826 | I53: -8.6613028e-06 | K53: 0.00036331569 | M53: 0.00028677753 | O53: 7.4968931e-05 | Q53: 0.00063655164 | S53: 0.000150011 | U53: -3.5424807e-05 | W53: 0.0013342843 | Y53: 0.00063185241 | AA53: -0.00090756424 | AC53: 0.00060921968 | AE53: 0.0001237631 | AG53: -0.00092925698 | AI53: -0.001390693 | AK53: 0.00062204056 | AM53: 0.00055145788 | AO53: 0.00093191201 | AQ53: 0.00090783365 | AS53: 0.00012009657 | AU53: -8.2775429e-05 | AW53: -0.00012232268 | AY53: 5.8230445e-05 | BA53: 0.0008380405 | BC53: 0.00023938297 | BE53: 0.00058007296
A54: 1990 | B54: 3 | E54: -0.00046799621 | G54: -0.0002288372 | I54: 1.3219616e-06 | K54: 0.00023930436 | M54: 8.4101957e-05 | O54: 0.00015408027 | Q54: -0.00028969689 | S54: 0.00020851505 | U54: 0.00043675561 | W54: -0.0031527901 | Y54: -0.00058778613 | AA54: 2.2045577e-05 | AC54: 0.00026461269 | AE54: 0.00046961492 | AG54: -0.00026006398 | AI54: -0.00064523014 | AK54: 0.00050074343 | AM54: 0.00071084001 | AO54: 0.00066002802 | AQ54: 0.00041302545 | AS54: 7.8472946e-05 | AU54: 0.0001462957 | AW54: -0.00016369631 | AY54: 3.1444423e-05 | BA54: -9.4869681e-05 | BC54: -4.9226828e-05 | BE54: -4.2825586e-05
A55: 1990 | B55: 4 | E55: -0.0052970527 | G55: -4.8088876e-05 | I55: 2.4345213e-05 | K55: 0.0014046608 | M55: 0.00041323509 | O55: 0.0009877293 | Q55: 0.00050735105 | S55: 0.00024658017 | U55: -0.00055216804 | W55: -0.0071001632 | Y55: -0.0011069368 | AA55: 0.00093617204 | AC55: 0.00010381029 | AE55: 0.00026506706 | AG55: -0.0014167861 | AI55: -0.0016562999 | AK55: 0.00038105115 | AM55: 0.00010127301 | AO55: 0.00051298746 | AQ55: -8.3054524e-05 | AS55: 7.6405284e-05 | AU55: 0.0001190911 | AW55: -0.00045720442 | AY55: 4.9019516e-06 | BA55: -0.00049876712 | BC55: -0.00032245828 | BE55: -0.0001612504
A56: 1991 | B56: 1 | E56: 0.0032563488 | G56: -3.8991578e-05 | I56: -2.2162126e-05 | K56: 0.00045268358 | M56: 0.00042681034 | O56: 3.0747579e-05 | Q56: 0.00033641446 | S56: 0.00025460417 | U56: -0.000886993 | W56: -0.0016210362 | Y56: -0.0009059409 | AA56: 0.0021890698 | AC56: 2.2360295e-05 | AE56: 0.00017625364 | AG56: 0.0032146884 | AI56: 0.0028318214 | AK56: 0.00025695983 | AM56: 0.0002423507 | AO56: -9.6702236e-05 | AQ56: -0.00058619846 | AS56: 0.00017872131 | AU56: 0.00020401475 | AW56: -0.00075584457 | AY56: -2.1010198e-05 | BA56: -0.0010284136 | BC56: -5.1954898e-05 | BE56: -0.00099237465
A57: 1991 | B57: 2 | E57: -0.0092609596 | G57: 7.1603317e-05 | I57: 1.6019344e-05 | K57: -0.0012876667 | M57: 0.00037999493 | O57: -0.0016706713 | Q57: -0.00074799695 | S57: 0.00021955686 | U57: -0.00073450049 | W57: -0.0074255791 | Y57: -0.00094437275 | AA57: 0.0014093732 | AC57: -0.00015624972 | AE57: 0.00018433574 | AG57: 0.0017523685 | AI57: 0.0011829236 | AK57: 0.00047243639 | AM57: -0.001307695 | AO57: -4.945334e-05 | AQ57: -0.00044542022 | AS57: -1.3655234e-05 | AU57: -0.00013688964 | AW57: -0.00071874139 | AY57: -1.437462e-05 | BA57: -0.0010894188 | BC57: -0.00052681646 | BE57: -0.00060167475
A58: 1991 | B58: 3 | E58: -0.00014545881 | G58: 9.9631837e-05 | I58: -2.6387776e-05 | K58: 0.00056119257 | M58: 0.0007950789 | O58: -0.00025183702 | Q58: 0.00029037557 | S58: 0.00025109631 | U58: -0.00061058436 | W58: -0.0016240655 | Y58: -0.00043666565 | AA58: 0.00095890274 | AC58: -3.1109499e-06 | AE58: 0.00025888631 | AG58: 3.9948754e-06 | AI58: -0.0007657499 | AK58: 0.00068338109 | AM58: -3.5684554e-05 | AO58: 0.0001498169 | AQ58: -0.0003093277 | AS58: 0.00013343028 | AU58: 4.3219428e-05 | AW58: -0.00029400621 | AY58: -9.3154848e-06 | BA58: -0.00061858307 | BC58: -0.00031684758 | BE58: -0.00033335861
A59: 1991 | B59: 4 | E59: 0.0021466464 | G59: 0.00015292497 | I59: -5.2583432e-05 | K59: 0.00081418576 | M59: 0.00067769616 | O59: 0.00011841608 | Q59: 0.00071782406 | S59: 0.00025732525 | U59: -0.0016191179 | W59: 0.0018952104 | Y59: 0.00063662897 | AA59: 0.00028635399 | AC59: -0.00020258656 | AE59: -0.00024302348 | AG59: -2.4009272e-05 | AI59: -0.00098720008 | AK59: 0.00088774385 | AM59: 0.00027360888 | AO59: 0.00022606657 | AQ59: -0.00017028238 | AS59: 0.00014355705 | AU59: -8.8210682e-05 | AW59: -0.00025966129 | AY59: -3.2156635e-06 | BA59: -0.00015134686 | BC59: -0.00033922781 | BE59: 0.0001884242
A60: 1992 | B60: 1 | E60: 0.00560687 | G60: 0.00040620487 | I60: -0.0001079041 | K60: 0.0020227172 | M60: 0.0008771473 | O60: 0.0011648013 | Q60: -4.8469486e-05 | S60: 0.00021830624 | U60: 0.00012050035 | W60: 0.0020205885 | Y60: 0.00011324133 | AA60: -3.9904038e-05 | AC60: -0.00023576867 | AE60: -0.0003041366 | AG60: 0.0012096133 | AI60: 0.00023472983 | AK60: 0.0010985508 | AM60: 0.00049150827 | AO60: 8.5347305e-05 | AQ60: -3.1336241e-05 | AS60: 0.00014026204 | AU60: -0.00014819725 | AW60: -0.00016694336 | AY60: -2.2998928e-06 | BA60: 6.5174118e-05 | BC60: -9.8340679e-05 | BE60: 0.00019222285
A61: 1992 | B61: 2 | E61: -0.00071147034 | G61: 7.8776587e-05 | I61: -6.6445391e-05 | K61: -0.00097958745 | M61: 0.00013996069 | O61: -0.0011191279 | Q61: 0.0002185886 | S61: 0.00012678426 | U61: -0.00048333249 | W61: 0.00051174674 | Y61: -0.00040127038 | AA61: 3.946043e-05 | AC61: -0.00023702608 | AE61: -0.00053454141 | AG61: 0.00046770795 | AI61: -0.00042279851 | AK61: 0.00083934154 | AM61: -0.00019711056 | AO61: -2.6459761e-06 | AQ61: 0.00015273257 | AS61: 0.00047607296 | AU61: -8.6489086e-05 | AW61: -0.00019950158 | AY61: -3.7189753e-06 | BA61: -0.00014360402 | BC61: -0.00032550814 | BE61: 0.00018234763
A62: 1992 | B62: 3 | E62: -0.0069837718 | G62: -0.00012563879 | I62: -3.4120003e-05 | K62: -0.0019295681 | M62: -8.8783119e-05 | O62: -0.0018410151 | Q62: 0.00022399333 | S62: 0.00010477587 | U62: -0.00066339934 | W62: -0.0013411962 | Y62: -0.00017494904 | AA62: -0.00022247518 | AC62: -0.00024537243 | AE62: -0.00070968118 | AG62: 0.0012735893 | AI62: 0.00077922935 | AK62: 0.00062114871 | AM62: -0.0013269856 | AO62: -0.00048028907 | AQ62: 0.00033657839 | AS62: -0.0012268359 | AU62: -0.00038151708 | AW62: -0.00033811455 | AY62: -1.0655571e-06 | BA62: -0.00027068051 | BC62: -0.00047468151 | BE62: 0.00020019779
A63: 1992 | B63: 4 | E63: -0.0049993263 | G63: -0.00013753596 | I63: -1.4650617e-05 | K63: -0.0028626954 | M63: 0.00023457059 | O63: -0.0030982644 | Q63: -0.00044891149 | S63: 2.1191841e-05 | U63: 0.00023614369 | W63: -0.0026015332 | Y63: -0.00035519729 | AA63: -0.00036265197 | AC63: -0.00015276339 | AE63: -0.00090348918 | AG63: 0.0030578224 | AI63: 0.0027891491 | AK63: 0.0004248518 | AM63: -0.0010140744 | AO63: -0.00045594526 | AQ63: 0.00052821516 | AS63: 0.00012594788 | AU63: 1.5982253e-05 | AW63: -0.00015166171 | AY63: 2.0354505e-06 | BA63: -2.2488391e-05 | BC63: -0.00031923791 | BE63: 0.00030905114
... A197: 2026 | B197: 2 | E197: 0.01484228 | G197: -8.2088305e-05 | I197: -4.949417e-05 | K197: 0.008171867 | M197: 0.0072373053 | O197: 0.00082903934 | Q197: 0.0011885395 | S197: -5.7980884e-06 | U197: 0.0001750205 | W197: 0.0012212076 | Y197: 0.00036675201 | AA197: 0.00067852488 | AC197: 0.00024529572 | AE197: 0.00049331158 | AG197: 0.00066725444 | AI197: 0.00071480136 | AK197: -0.00027680029 | AM197: 0.00090952324 | AO197: 0.00023748755 | AQ197: 1.2901658e-05 | AS197: 0.00055187399 | AU197: 0.00027568464 | AW197: -9.3786938e-05 | AY197: 2.5792719e-05 | BA197: 0.00057007566 | BC197: 0.00057717492 | BE197: -2.5980935e-05

Sheet nom_y
A1: =INDIRECT("beschriftung!"&ADDRESS(beschriftung!$C$1*12+ROW(beschriftung!$A1)-1,COLUMN(beschriftung!A$1))) -> ESA 2010, Quarterly aggregates of Gross Domestic Product, production approach, seasonally, calendar and sport event adjusted data. Background information on sport event adjustment can be found in the publication “Konjunkturtendenzen” (“Economic Trends”) from autumn 2022 and in the technical note from 5 September 2022 on the website www.seco.admin.ch.
A2: =INDIRECT("beschriftung!"&ADDRESS(beschriftung!$C$1*12+ROW(beschriftung!$A2)-1,COLUMN(beschriftung!B$1))) -> In Mio. Swiss Francs, at current prices, percentage change to previous year
C4: =INDIRECT("beschriftung!"&ADDRESS(beschriftung!$C$1*12+ROW(beschriftung!$A5)-1,COLUMN(beschriftung!C$1))) -> Gross domestic product | D4: =IF(INDIRECT("beschriftung.!"&ADDRESS(#REF!*12+ROW($A5)-1,COLUMN(D$1)))="","",INDIRECT("beschriftung.!"&ADDRESS(#REF!*12+ROW($A5)-1,COLUMN(D$1)))) -> #REF! | E4: =IF(INDIRECT("beschriftung.!"&ADDRESS(#REF!*12+ROW($A5)-1,COLUMN(E$1)))="","",INDIRECT("beschriftung.!"&ADDRESS(#REF!*12+ROW($A5)-1,COLUMN(E$1)))) -> #REF! | F4: =IF(INDIRECT("beschriftung.!"&ADDRESS(#REF!*12+ROW($A5)-1,COLUMN(F$1)))="","",INDIRECT("beschriftung.!"&ADDRESS(#REF!*12+ROW($A5)-1,COLUMN(F$1)))) -> #REF! | G4: =IF(INDIRECT("beschriftung.!"&ADDRESS(#REF!*12+ROW($A5)-1,COLUMN(G$1)))="","",INDIRECT("beschriftung.!"&ADDRESS(#REF!*12+ROW($A5)-1,COLUMN(G$1)))) -> #REF! | H4: =IF(INDIRECT("beschriftung.!"&ADDRESS(#REF!*12+ROW($A5)-1,COLUMN(H$1)))="","",INDIRECT("beschriftung.!"&ADDRESS(#REF!*12+ROW($A5)-1,COLUMN(H$1)))) -> #REF! | I4: =IF(INDIRECT("beschriftung.!"&ADDRESS(#REF!*12+ROW($A5)-1,COLUMN(I$1)))="","",INDIRECT("beschriftung.!"&ADDRESS(#REF!*12+ROW($A5)-1,COLUMN(I$1)))) -> #REF! | J4: =IF(INDIRECT("beschriftung.!"&ADDRESS(#REF!*12+ROW($A5)-1,COLUMN(J$1)))="","",INDIRECT("beschriftung.!"&ADDRESS(#REF!*12+ROW($A5)-1,COLUMN(J$1)))) -> #REF! | K4: =IF(INDIRECT("beschriftung.!"&ADDRESS(#REF!*12+ROW($A5)-1,COLUMN(K$1)))="","",INDIRECT("beschriftung.!"&ADDRESS(#REF!*12+ROW($A5)-1,COLUMN(K$1)))) -> #REF! | L4: =IF(INDIRECT("beschriftung.!"&ADDRESS(#REF!*12+ROW($A5)-1,COLUMN(L$1)))="","",INDIRECT("beschriftung.!"&ADDRESS(#REF!*12+ROW($A5)-1,COLUMN(L$1)))) -> #REF! | Q4: =IF(INDIRECT("beschriftung.!"&ADDRESS(#REF!*12+ROW($A5)-1,COLUMN(Q$1)))="","",INDIRECT("beschriftung.!"&ADDRESS(#REF!*12+ROW($A5)-1,COLUMN(Q$1)))) -> #REF! | R4: =IF(INDIRECT("beschriftung.!"&ADDRESS(#REF!*12+ROW($A5)-1,COLUMN(R$1)))="","",INDIRECT("beschriftung.!"&ADDRESS(#REF!*12+ROW($A5)-1,COLUMN(R$1)))) -> #REF! | U4: =IF(INDIRECT("beschriftung.!"&ADDRESS(#REF!*12+ROW($A5)-1,COLUMN(U$1)))="","",INDIRECT("beschriftung.!"&ADDRESS(#REF!*12+ROW($A5)-1,COLUMN(U$1)))) -> #REF! | V4: =IF(INDIRECT("beschriftung.!"&ADDRESS(#REF!*12+ROW($A5)-1,COLUMN(V$1)))="","",INDIRECT("beschriftung.!"&ADDRESS(#REF!*12+ROW($A5)-1,COLUMN(V$1)))) -> #REF! | W4: =IF(INDIRECT("beschriftung.!"&ADDRESS(#REF!*12+ROW($A5)-1,COLUMN(W$1)))="","",INDIRECT("beschriftung.!"&ADDRESS(#REF!*12+ROW($A5)-1,COLUMN(W$1)))) -> #REF! | X4: =IF(INDIRECT("beschriftung.!"&ADDRESS(#REF!*12+ROW($A5)-1,COLUMN(X$1)))="","",INDIRECT("beschriftung.!"&ADDRESS(#REF!*12+ROW($A5)-1,COLUMN(X$1)))) -> #REF! | AA4: =IF(INDIRECT("beschriftung.!"&ADDRESS(#REF!*12+ROW($A5)-1,COLUMN(AA$1)))="","",INDIRECT("beschriftung.!"&ADDRESS(#REF!*12+ROW($A5)-1,COLUMN(AA$1)))) -> #REF! | AB4: =IF(INDIRECT("beschriftung.!"&ADDRESS(#REF!*12+ROW($A5)-1,COLUMN(AB$1)))="","",INDIRECT("beschriftung.!"&ADDRESS(#REF!*12+ROW($A5)-1,COLUMN(AB$1)))) -> #REF! | AG4: =IF(INDIRECT("beschriftung.!"&ADDRESS(#REF!*12+ROW($A5)-1,COLUMN(AG$1)))="","",INDIRECT("beschriftung.!"&ADDRESS(#REF!*12+ROW($A5)-1,COLUMN(AG$1)))) -> #REF! | AH4: =IF(INDIRECT("beschriftung.!"&ADDRESS(#REF!*12+ROW($A5)-1,COLUMN(AH$1)))="","",INDIRECT("beschriftung.!"&ADDRESS(#REF!*12+ROW($A5)-1,COLUMN(AH$1)))) -> #REF! | AI4: =IF(INDIRECT("beschriftung.!"&ADDRESS(#REF!*12+ROW($A5)-1,COLUMN(AI$1)))="","",INDIRECT("beschriftung.!"&ADDRESS(#REF!*12+ROW($A5)-1,COLUMN(AI$1)))) -> #REF! | AJ4: =IF(INDIRECT("beschriftung.!"&ADDRESS(#REF!*12+ROW($A5)-1,COLUMN(AJ$1)))="","",INDIRECT("beschriftung.!"&ADDRESS(#REF!*12+ROW($A5)-1,COLUMN(AJ$1)))) -> #REF! | AM4: =IF(INDIRECT("beschriftung.!"&ADDRESS(#REF!*12+ROW($A5)-1,COLUMN(AM$1)))="","",INDIRECT("beschriftung.!"&ADDRESS(#REF!*12+ROW($A5)-1,COLUMN(AM$1)))) -> #REF! | AN4: =IF(INDIRECT("beschriftung.!"&ADDRESS(#REF!*12+ROW($A5)-1,COLUMN(AN$1)))="","",INDIRECT("beschriftung.!"&ADDRESS(#REF!*12+ROW($A5)-1,COLUMN(AN$1)))) -> #REF! | AO4: =IF(INDIRECT("beschriftung.!"&ADDRESS(#REF!*12+ROW($A5)-1,COLUMN(AO$1)))="","",INDIRECT("beschriftung.!"&ADDRESS(#REF!*12+ROW($A5)-1,COLUMN(AO$1)))) -> #REF! | AP4: =IF(INDIRECT("beschriftung.!"&ADDRESS(#REF!*12+ROW($A5)-1,COLUMN(AP$1)))="","",INDIRECT("beschriftung.!"&ADDRESS(#REF!*12+ROW($A5)-1,COLUMN(AP$1)))) -> #REF! | AQ4: =IF(INDIRECT("beschriftung.!"&ADDRESS(#REF!*12+ROW($A5)-1,COLUMN(AQ$1)))="","",INDIRECT("beschriftung.!"&ADDRESS(#REF!*12+ROW($A5)-1,COLUMN(AQ$1)))) -> #REF! | AR4: =IF(INDIRECT("beschriftung.!"&ADDRESS(#REF!*12+ROW($A5)-1,COLUMN(AR$1)))="","",INDIRECT("beschriftung.!"&ADDRESS(#REF!*12+ROW($A5)-1,COLUMN(AR$1)))) -> #REF! | AS4: =IF(INDIRECT("beschriftung.!"&ADDRESS(#REF!*12+ROW($A5)-1,COLUMN(AS$1)))="","",INDIRECT("beschriftung.!"&ADDRESS(#REF!*12+ROW($A5)-1,COLUMN(AS$1)))) -> #REF! | AT4: =IF(INDIRECT("beschriftung.!"&ADDRESS(#REF!*12+ROW($A5)-1,COLUMN(AT$1)))="","",INDIRECT("beschriftung.!"&ADDRESS(#REF!*12+ROW($A5)-1,COLUMN(AT$1)))) -> #REF! | ... AV4: =IF(INDIRECT("beschriftung.!"&ADDRESS(#REF!*12+ROW($A5)-1,COLUMN(AV$1)))="","",INDIRECT("beschriftung.!"&ADDRESS(#REF!*12+ROW($A5)-1,COLUMN(AV$1)))) -> #REF! | AY4: =IF(INDIRECT("beschriftung.!"&ADDRESS(#REF!*12+ROW($A5)-1,COLUMN(AY$1)))="","",INDIRECT("beschriftung.!"&ADDRESS(#REF!*12+ROW($A5)-1,COLUMN(AY$1)))) -> #REF! | AZ4: =IF(INDIRECT("beschriftung.!"&ADDRESS(#REF!*12+ROW($A5)-1,COLUMN(AZ$1)))="","",INDIRECT("beschriftung.!"&ADDRESS(#REF!*12+ROW($A5)-1,COLUMN(AZ$1)))) -> #REF! | BA4: =IF(INDIRECT("beschriftung.!"&ADDRESS(#REF!*12+ROW($A5)-1,COLUMN(BA$1)))="","",INDIRECT("beschriftung.!"&ADDRESS(#REF!*12+ROW($A5)-1,COLUMN(BA$1)))) -> #REF! | BB4: =IF(INDIRECT("beschriftung.!"&ADDRESS(#REF!*12+ROW($A5)-1,COLUMN(BB$1)))="","",INDIRECT("beschriftung.!"&ADDRESS(#REF!*12+ROW($A5)-1,COLUMN(BB$1)))) -> #REF! | BC4: =IF(INDIRECT("beschriftung.!"&ADDRESS(#REF!*12+ROW($A5)-1,COLUMN(BC$1)))="","",INDIRECT("beschriftung.!"&ADDRESS(#REF!*12+ROW($A5)-1,COLUMN(BC$1)))) -> #REF! | BD4: =IF(INDIRECT("beschriftung.!"&ADDRESS(#REF!*12+ROW($A5)-1,COLUMN(BD$1)))="","",INDIRECT("beschriftung.!"&ADDRESS(#REF!*12+ROW($A5)-1,COLUMN(BD$1)))) -> #REF! | BE4: =IF(INDIRECT("beschriftung.!"&ADDRESS(#REF!*12+ROW($A5)-1,COLUMN(BE$1)))="","",INDIRECT("beschriftung.!"&ADDRESS(#REF!*12+ROW($A5)-1,COLUMN(BE$1)))) -> #REF! | BF4: =IF(INDIRECT("beschriftung.!"&ADDRESS(#REF!*12+ROW($A5)-1,COLUMN(BF$1)))="","",INDIRECT("beschriftung.!"&ADDRESS(#REF!*12+ROW($A5)-1,COLUMN(BF$1)))) -> #REF!
E5: =INDIRECT("beschriftung!"&ADDRESS(beschriftung!$C$1*12+ROW(beschriftung!$A6)-1,COLUMN(beschriftung!D$1))) -> Gross value added before adjustments | F5: =IF(INDIRECT("beschriftung.!"&ADDRESS(#REF!*12+ROW($A6)-1,COLUMN(F$1)))="","",INDIRECT("beschriftung.!"&ADDRESS(#REF!*12+ROW($A6)-1,COLUMN(F$1)))) -> #REF! | G5: =IF(INDIRECT("beschriftung.!"&ADDRESS(#REF!*12+ROW($A6)-1,COLUMN(G$1)))="","",INDIRECT("beschriftung.!"&ADDRESS(#REF!*12+ROW($A6)-1,COLUMN(G$1)))) -> #REF! | H5: =IF(INDIRECT("beschriftung.!"&ADDRESS(#REF!*12+ROW($A6)-1,COLUMN(H$1)))="","",INDIRECT("beschriftung.!"&ADDRESS(#REF!*12+ROW($A6)-1,COLUMN(H$1)))) -> #REF! | I5: =IF(INDIRECT("beschriftung.!"&ADDRESS(#REF!*12+ROW($A6)-1,COLUMN(I$1)))="","",INDIRECT("beschriftung.!"&ADDRESS(#REF!*12+ROW($A6)-1,COLUMN(I$1)))) -> #REF! | J5: =IF(INDIRECT("beschriftung.!"&ADDRESS(#REF!*12+ROW($A6)-1,COLUMN(J$1)))="","",INDIRECT("beschriftung.!"&ADDRESS(#REF!*12+ROW($A6)-1,COLUMN(J$1)))) -> #REF! | K5: =IF(INDIRECT("beschriftung.!"&ADDRESS(#REF!*12+ROW($A6)-1,COLUMN(K$1)))="","",INDIRECT("beschriftung.!"&ADDRESS(#REF!*12+ROW($A6)-1,COLUMN(K$1)))) -> #REF! | L5: =IF(INDIRECT("beschriftung.!"&ADDRESS(#REF!*12+ROW($A6)-1,COLUMN(L$1)))="","",INDIRECT("beschriftung.!"&ADDRESS(#REF!*12+ROW($A6)-1,COLUMN(L$1)))) -> #REF! | Q5: =IF(INDIRECT("beschriftung.!"&ADDRESS(#REF!*12+ROW($A6)-1,COLUMN(Q$1)))="","",INDIRECT("beschriftung.!"&ADDRESS(#REF!*12+ROW($A6)-1,COLUMN(Q$1)))) -> #REF! | R5: =IF(INDIRECT("beschriftung.!"&ADDRESS(#REF!*12+ROW($A6)-1,COLUMN(R$1)))="","",INDIRECT("beschriftung.!"&ADDRESS(#REF!*12+ROW($A6)-1,COLUMN(R$1)))) -> #REF! | U5: =IF(INDIRECT("beschriftung.!"&ADDRESS(#REF!*12+ROW($A6)-1,COLUMN(U$1)))="","",INDIRECT("beschriftung.!"&ADDRESS(#REF!*12+ROW($A6)-1,COLUMN(U$1)))) -> #REF! | V5: =IF(INDIRECT("beschriftung.!"&ADDRESS(#REF!*12+ROW($A6)-1,COLUMN(V$1)))="","",INDIRECT("beschriftung.!"&ADDRESS(#REF!*12+ROW($A6)-1,COLUMN(V$1)))) -> #REF! | W5: =IF(INDIRECT("beschriftung.!"&ADDRESS(#REF!*12+ROW($A6)-1,COLUMN(W$1)))="","",INDIRECT("beschriftung.!"&ADDRESS(#REF!*12+ROW($A6)-1,COLUMN(W$1)))) -> #REF! | X5: =IF(INDIRECT("beschriftung.!"&ADDRESS(#REF!*12+ROW($A6)-1,COLUMN(X$1)))="","",INDIRECT("beschriftung.!"&ADDRESS(#REF!*12+ROW($A6)-1,COLUMN(X$1)))) -> #REF! | AA5: =IF(INDIRECT("beschriftung.!"&ADDRESS(#REF!*12+ROW($A6)-1,COLUMN(AA$1)))="","",INDIRECT("beschriftung.!"&ADDRESS(#REF!*12+ROW($A6)-1,COLUMN(AA$1)))) -> #REF! | AB5: =IF(INDIRECT("beschriftung.!"&ADDRESS(#REF!*12+ROW($A6)-1,COLUMN(AB$1)))="","",INDIRECT("beschriftung.!"&ADDRESS(#REF!*12+ROW($A6)-1,COLUMN(AB$1)))) -> #REF! | AG5: =IF(INDIRECT("beschriftung.!"&ADDRESS(#REF!*12+ROW($A6)-1,COLUMN(AG$1)))="","",INDIRECT("beschriftung.!"&ADDRESS(#REF!*12+ROW($A6)-1,COLUMN(AG$1)))) -> #REF! | AH5: =IF(INDIRECT("beschriftung.!"&ADDRESS(#REF!*12+ROW($A6)-1,COLUMN(AH$1)))="","",INDIRECT("beschriftung.!"&ADDRESS(#REF!*12+ROW($A6)-1,COLUMN(AH$1)))) -> #REF! | AI5: =IF(INDIRECT("beschriftung.!"&ADDRESS(#REF!*12+ROW($A6)-1,COLUMN(AI$1)))="","",INDIRECT("beschriftung.!"&ADDRESS(#REF!*12+ROW($A6)-1,COLUMN(AI$1)))) -> #REF! | AJ5: =IF(INDIRECT("beschriftung.!"&ADDRESS(#REF!*12+ROW($A6)-1,COLUMN(AJ$1)))="","",INDIRECT("beschriftung.!"&ADDRESS(#REF!*12+ROW($A6)-1,COLUMN(AJ$1)))) -> #REF! | AM5: =IF(INDIRECT("beschriftung.!"&ADDRESS(#REF!*12+ROW($A6)-1,COLUMN(AM$1)))="","",INDIRECT("beschriftung.!"&ADDRESS(#REF!*12+ROW($A6)-1,COLUMN(AM$1)))) -> #REF! | AN5: =IF(INDIRECT("beschriftung.!"&ADDRESS(#REF!*12+ROW($A6)-1,COLUMN(AN$1)))="","",INDIRECT("beschriftung.!"&ADDRESS(#REF!*12+ROW($A6)-1,COLUMN(AN$1)))) -> #REF! | AO5: =IF(INDIRECT("beschriftung.!"&ADDRESS(#REF!*12+ROW($A6)-1,COLUMN(AO$1)))="","",INDIRECT("beschriftung.!"&ADDRESS(#REF!*12+ROW($A6)-1,COLUMN(AO$1)))) -> #REF! | AP5: =IF(INDIRECT("beschriftung.!"&ADDRESS(#REF!*12+ROW($A6)-1,COLUMN(AP$1)))="","",INDIRECT("beschriftung.!"&ADDRESS(#REF!*12+ROW($A6)-1,COLUMN(AP$1)))) -> #REF! | AQ5: =IF(INDIRECT("beschriftung.!"&ADDRESS(#REF!*12+ROW($A6)-1,COLUMN(AQ$1)))="","",INDIRECT("beschriftung.!"&ADDRESS(#REF!*12+ROW($A6)-1,COLUMN(AQ$1)))) -> #REF! | AR5: =IF(INDIRECT("beschriftung.!"&ADDRESS(#REF!*12+ROW($A6)-1,COLUMN(AR$1)))="","",INDIRECT("beschriftung.!"&ADDRESS(#REF!*12+ROW($A6)-1,COLUMN(AR$1)))) -> #REF! | AS5: =IF(INDIRECT("beschriftung.!"&ADDRESS(#REF!*12+ROW($A6)-1,COLUMN(AS$1)))="","",INDIRECT("beschriftung.!"&ADDRESS(#REF!*12+ROW($A6)-1,COLUMN(AS$1)))) -> #REF! | AT5: =IF(INDIRECT("beschriftung.!"&ADDRESS(#REF!*12+ROW($A6)-1,COLUMN(AT$1)))="","",INDIRECT("beschriftung.!"&ADDRESS(#REF!*12+ROW($A6)-1,COLUMN(AT$1)))) -> #REF! | ... AV5: =IF(INDIRECT("beschriftung.!"&ADDRESS(#REF!*12+ROW($A6)-1,COLUMN(AV$1)))="","",INDIRECT("beschriftung.!"&ADDRESS(#REF!*12+ROW($A6)-1,COLUMN(AV$1)))) -> #REF! | AY5: =IF(INDIRECT("beschriftung.!"&ADDRESS(#REF!*12+ROW($A6)-1,COLUMN(AY$1)))="","",INDIRECT("beschriftung.!"&ADDRESS(#REF!*12+ROW($A6)-1,COLUMN(AY$1)))) -> #REF! | AZ5: =IF(INDIRECT("beschriftung.!"&ADDRESS(#REF!*12+ROW($A6)-1,COLUMN(AZ$1)))="","",INDIRECT("beschriftung.!"&ADDRESS(#REF!*12+ROW($A6)-1,COLUMN(AZ$1)))) -> #REF! | BA5: =INDIRECT("beschriftung!"&ADDRESS(beschriftung!$C$1*12+ROW(beschriftung!$A6)-1,COLUMN(beschriftung!AS$1))) -> Adjustments | BB5: =IF(INDIRECT("beschriftung.!"&ADDRESS(#REF!*12+ROW($A6)-1,COLUMN(BB$1)))="","",INDIRECT("beschriftung.!"&ADDRESS(#REF!*12+ROW($A6)-1,COLUMN(BB$1)))) -> #REF! | BC5: =IF(INDIRECT("beschriftung.!"&ADDRESS(#REF!*12+ROW($A6)-1,COLUMN(BC$1)))="","",INDIRECT("beschriftung.!"&ADDRESS(#REF!*12+ROW($A6)-1,COLUMN(BC$1)))) -> #REF! | BD5: =IF(INDIRECT("beschriftung.!"&ADDRESS(#REF!*12+ROW($A6)-1,COLUMN(BD$1)))="","",INDIRECT("beschriftung.!"&ADDRESS(#REF!*12+ROW($A6)-1,COLUMN(BD$1)))) -> #REF! | BE5: =IF(INDIRECT("beschriftung.!"&ADDRESS(#REF!*12+ROW($A6)-1,COLUMN(BE$1)))="","",INDIRECT("beschriftung.!"&ADDRESS(#REF!*12+ROW($A6)-1,COLUMN(BE$1)))) -> #REF! | BF5: =IF(INDIRECT("beschriftung.!"&ADDRESS(#REF!*12+ROW($A6)-1,COLUMN(BF$1)))="","",INDIRECT("beschriftung.!"&ADDRESS(#REF!*12+ROW($A6)-1,COLUMN(BF$1)))) -> #REF!
G6: =INDIRECT("beschriftung!"&ADDRESS(beschriftung!$C$1*12+ROW(beschriftung!$A7)-1,COLUMN(beschriftung!E$1))) -> Agriculture, forestry and fishing | I6: =INDIRECT("beschriftung!"&ADDRESS(beschriftung!$C$1*12+ROW(beschriftung!$A7)-1,COLUMN(beschriftung!G$1))) -> Mining and quarrying | K6: =INDIRECT("beschriftung!"&ADDRESS(beschriftung!$C$1*12+ROW(beschriftung!$A7)-1,COLUMN(beschriftung!I$1))) -> Manufacturing | Q6: =INDIRECT("beschriftung!"&ADDRESS(beschriftung!$C$1*12+ROW(beschriftung!$A7)-1,COLUMN(beschriftung!M$1))) -> Electricity, gas, steam and air conditioning supply | S6: =INDIRECT("beschriftung!"&ADDRESS(beschriftung!$C$1*12+ROW(beschriftung!$A7)-1,COLUMN(beschriftung!O$1))) -> Water supply, sewerage, waste management and remediation activities | U6: =INDIRECT("beschriftung!"&ADDRESS(beschriftung!$C$1*12+ROW(beschriftung!$A7)-1,COLUMN(beschriftung!Q$1))) -> Construction | W6: =INDIRECT("beschriftung!"&ADDRESS(beschriftung!$C$1*12+ROW(beschriftung!$A7)-1,COLUMN(beschriftung!S$1))) -> Trade, repair of motor vehicles and motorcycles | AA6: =INDIRECT("beschriftung!"&ADDRESS(beschriftung!$C$1*12+ROW(beschriftung!$A7)-1,COLUMN(beschriftung!W$1))) -> Transportation and storage | AC6: =INDIRECT("beschriftung!"&ADDRESS(beschriftung!$C$1*12+ROW(beschriftung!$A7)-1,COLUMN(beschriftung!Y$1))) -> Accommodation and food service activities | AE6: =INDIRECT("beschriftung!"&ADDRESS(beschriftung!$C$1*12+ROW(beschriftung!$A7)-1,COLUMN(beschriftung!X$1))) -> Information and communication | AG6: =INDIRECT("beschriftung!"&ADDRESS(beschriftung!$C$1*12+ROW(beschriftung!$A7)-1,COLUMN(beschriftung!AA$1))) -> Financial and insurance activities | AM6: =INDIRECT("beschriftung!"&ADDRESS(beschriftung!$C$1*12+ROW(beschriftung!$A7)-1,COLUMN(beschriftung!AE$1))) -> Real estate, professional, scientific, technical activities and administrative services | AO6: =INDIRECT("beschriftung!"&ADDRESS(beschriftung!$C$1*12+ROW(beschriftung!$A7)-1,COLUMN(beschriftung!AG$1))) -> Public administration | AQ6: =INDIRECT("beschriftung!"&ADDRESS(beschriftung!$C$1*12+ROW(beschriftung!$A7)-1,COLUMN(beschriftung!AI$1))) -> Education | AS6: =INDIRECT("beschriftung!"&ADDRESS(beschriftung!$C$1*12+ROW(beschriftung!$A7)-1,COLUMN(beschriftung!AK$1))) -> Human health and social work activities | AU6: =INDIRECT("beschriftung!"&ADDRESS(beschriftung!$C$1*12+ROW(beschriftung!$A7)-1,COLUMN(beschriftung!AM$1))) -> Arts, entertainment and recreation | AW6: =INDIRECT("beschriftung!"&ADDRESS(beschriftung!$C$1*12+ROW(beschriftung!$A7)-1,COLUMN(beschriftung!AO$1))) -> Other service activities | AY6: =INDIRECT("beschriftung!"&ADDRESS(beschriftung!$C$1*12+ROW(beschriftung!$A7)-1,COLUMN(beschriftung!AQ$1))) -> Activities of housholds as employers and producers for own use | BC6: =INDIRECT("beschriftung!"&ADDRESS(beschriftung!$C$1*12+ROW(beschriftung!$A7)-1,COLUMN(beschriftung!AU$1))) -> Taxes on products | BE6: =INDIRECT("beschriftung!"&ADDRESS(beschriftung!$C$1*12+ROW(beschriftung!$A7)-1,COLUMN(beschriftung!AW$1))) -> Subsidies on products
M8: =INDIRECT("beschriftung!"&ADDRESS(beschriftung!$C$1*12+ROW(beschriftung!$A7),COLUMN(beschriftung!J$1))) -> thereof chemicals and pharmaceuticals | O8: =INDIRECT("beschriftung!"&ADDRESS(beschriftung!$C$1*12+ROW(beschriftung!$A7),COLUMN(beschriftung!K$1))) -> thereof other manufacturing | Y8: =INDIRECT("beschriftung!"&ADDRESS(beschriftung!$C$1*12+ROW(beschriftung!$A7),COLUMN(beschriftung!U$1))) -> thereof retail trade | AI8: =INDIRECT("beschriftung!"&ADDRESS(beschriftung!$C$1*12+ROW(beschriftung!$A7),COLUMN(beschriftung!AB$1))) -> thereof financial activities | AK8: =INDIRECT("beschriftung!"&ADDRESS(beschriftung!$C$1*12+ROW(beschriftung!$A7),COLUMN(beschriftung!AC$1))) -> thereof insurance activities
C11: B1GQ | E11: B1G | G11: NOGA 01-03 | I11: NOGA 05-09 | K11: NOGA 10-33 | M11: NOGA 19-21 | O11: NOGA 10-18; 22-33 | Q11: NOGA 35 | S11: NOGA 36-39 | U11: NOGA 41-43 | W11: NOGA 45-47 | Y11: NOGA 47 | AA11: NOGA 49-53 | AC11: NOGA 55-56 | AE11: NOGA 58-63 | AG11: NOGA 64-66 | AI11: NOGA 64 | AK11: NOGA 65 | AM11: NOGA 68-75; 77-82 | AO11: NOGA 84 | AQ11: NOGA 85 | AS11: NOGA 86-88 | AU11: NOGA 90-93 | AW11: NOGA 94-96 | AY11: NOGA 97-98 | BC11: D21 | BE11: D31
A12: 1980 | C12: 208312.98
A13: 1981 | C13: 223845.54 | D13: 0.074563563
A14: 1982 | C14: 237053.18 | D14: 0.059003378
A15: 1983 | C15: 244228.28 | D15: 0.030267893
A16: 1984 | C16: 260886.17 | D16: 0.06820622
A17: 1985 | C17: 276957.51 | D17: 0.061602883
A18: 1986 | C18: 290632.92 | D18: 0.049377296
A19: 1987 | C19: 301632.53 | D19: 0.037847086
A20: 1988 | C20: 319871.08 | D20: 0.060466125
A21: 1989 | C21: 345667.73 | D21: 0.080647008
A22: 1990 | C22: 374898.91 | D22: 0.084564392 | E22: 365003.45 | G22: 7777.9465 | I22: 546.36102 | K22: 73884.112 | M22: 11814.771 | O22: 62069.342 | Q22: 6306.5216 | S22: 2938.7749 | U22: 28855.616 | W22: 61318.109 | Y22: 21014.311 | AA22: 14974.597 | AC22: 8102.4063 | AE22: 16598.804 | AG22: 27684.521 | AI22: 11288.32 | AK22: 15567.64 | AM22: 51854.351 | AO22: 23693.132 | AQ22: 16087.316 | AS22: 15788.27 | AU22: 1250.4095 | AW22: 6119.089 | AY22: 1223.1091 | BA22: 9895.4624 | BC22: 17918.961 | BE22: -8023.4986
A23: 1991 | C23: 391582.87 | D23: 0.044502564 | E23: 382583.53 | F23: 0.048164149 | G23: 7642.767 | H23: -0.017379845 | I23: 581.0814 | J23: 0.063548422 | K23: 76851.155 | L23: 0.040158053 | M23: 12657.843 | N23: 0.071357467 | O23: 64193.312 | P23: 0.034219309 | Q23: 7341.4815 | R23: 0.16410947 | S23: 2903.7966 | T23: -0.011902365 | U23: 29134.046 | V23: 0.0096490767 | W23: 59050.034 | X23: -0.036988667 | Y23: 20703.411 | Z23: -0.014794675 | AA23: 17764.783 | AB23: 0.18632797 | AC23: 8823.4907 | AD23: 0.088996334 | AE23: 18057.816 | AF23: 0.087898639 | AG23: 29538.856 | AH23: 0.066980902 | AI23: 12749.907 | AJ23: 0.1294778 | AK23: 15839.684 | AL23: 0.017474942 | AM23: 56174.939 | AN23: 0.083321606 | AO23: 25850.388 | AP23: 0.091049858 | AQ23: 16758.847 | AR23: 0.041742832 | AS23: 17124.621 | AT23: 0.084642021 | AU23: 1550.3595 | AV23: 0.23988137 | AW23: 6110.0287 | AX23: -0.0014806494 | AY23: 1325.0379 | AZ23: 0.083335814 | BA23: 8999.3446 | BB23: -0.090558456 | BC23: 18147.883 | BD23: 0.012775395 | BE23: -9148.5381 | BF23: 0.14021808
A24: 1992 | C24: 399282.83 | D24: 0.019663677 | E24: 390767.03 | F24: 0.021390119 | G24: 7135.215 | H24: -0.066409461 | I24: 508.22998 | J24: -0.12537214 | K24: 77218.236 | L24: 0.0047765239 | M24: 13496.196 | N24: 0.066231969 | O24: 63722.039 | P24: -0.0073414574 | Q24: 8314.1389 | R24: 0.13248789 | S24: 2869.7024 | T24: -0.011741237 | U24: 27504.227 | V24: -0.055942059 | W24: 60356.253 | X24: 0.02212055 | Y24: 20941.712 | Z24: 0.011510256 | AA24: 17849.752 | AB24: 0.0047829868 | AC24: 9013.3161 | AD24: 0.021513635 | AE24: 18179.077 | AF24: 0.0067151361 | AG24: 30972.16 | AH24: 0.048522671 | AI24: 13740.539 | AJ24: 0.077697183 | AK24: 16228.218 | AL24: 0.024529163 | AM24: 59142.804 | AN24: 0.052832552 | AO24: 27370.915 | AP24: 0.058820269 | AQ24: 17408.764 | AR24: 0.038780582 | AS24: 18045.937 | AT24: 0.05380063 | AU24: 1456.7965 | AV24: -0.060349216 | AW24: 6026.009 | AX24: -0.013751118 | AY24: 1395.5017 | AZ24: 0.053178708 | BA24: 8515.7965 | BB24: -0.053731477 | BC24: 17996.96 | BD24: -0.008316258 | BE24: -9481.1638 | BF24: 0.036358334
A25: 1993 | C25: 408280.42 | D25: 0.022534371 | E25: 398988.13 | F25: 0.021038355 | G25: 6663.7457 | H25: -0.06607639 | I25: 507.31136 | J25: -0.0018075035 | K25: 78006.491 | L25: 0.010208142 | M25: 14362.382 | N25: 0.064179941 | O25: 63644.109 | P25: -0.0012229738 | Q25: 9255.3259 | R25: 0.11320318 | S25: 2835.0987 | T25: -0.012058292 | U25: 26399.102 | V25: -0.040180204 | W25: 59480.659 | X25: -0.014507111 | Y25: 20775.546 | Z25: -0.007934683 | AA25: 16615.454 | AB25: -0.069149325 | AC25: 9099.237 | AD25: 0.0095326622 | AE25: 17716.695 | AF25: -0.025434807 | AG25: 37826.876 | AH25: 0.22131865 | AI25: 19768.152 | AJ25: 0.43867368 | AK25: 16789.874 | AL25: 0.034609886 | AM25: 61177.093 | AN25: 0.034396218 | AO25: 27946.684 | AP25: 0.021035795 | AQ25: 18233.761 | AR25: 0.047389726 | AS25: 18435.665 | AT25: 0.021596433 | AU25: 1403.1743 | AV25: -0.036808313 | AW25: 5942.0355 | AX25: -0.013935188 | AY25: 1443.7232 | AZ25: 0.034554937 | BA25: 9292.2887 | BB25: 0.091182561 | BC25: 18727.73 | BD25: 0.040605155 | BE25: -9435.441 | BF25: -0.0048224854
A26: 1994 | C26: 418392.82 | D26: 0.024768269 | E26: 408625.36 | F26: 0.024154178 | G26: 6291.1419 | H26: -0.055915069 | I26: 489.37827 | J26: -0.03534927 | K26: 81738.418 | L26: 0.047841246 | M26: 15330.476 | N26: 0.067404865 | O26: 66407.942 | P26: 0.043426381 | Q26: 11139.374 | R26: 0.2035637 | S26: 2768.6269 | T26: -0.02344603 | U26: 27724.222 | V26: 0.050195654 | W26: 60864.423 | X26: 0.0232641 | Y26: 20885.169 | Z26: 0.0052765272 | AA26: 16142.322 | AB26: -0.028475403 | AC26: 8983.786 | AD26: -0.012687992 | AE26: 17652.642 | AF26: -0.0036154432 | AG26: 35898.682 | AH26: -0.050974195 | AI26: 19520.325 | AJ26: -0.012536678 | AK26: 15006.919 | AL26: -0.10619231 | AM26: 64739.35 | AN26: 0.058228609 | AO26: 28741.213 | AP26: 0.028430204 | AQ26: 16772.359 | AR26: -0.080148158 | AS26: 19746.546 | AT26: 0.071105728 | AU26: 1521.4961 | AV26: 0.084324394 | AW26: 5883.9573 | AX26: -0.0097741135 | AY26: 1527.4232 | AZ26: 0.05797512 | BA26: 9767.4576 | BB26: 0.051135833 | BC26: 19066.856 | BD26: 0.018108269 | BE26: -9299.3988 | BF26: -0.014418209
A27: 1995 | C27: 423723.36 | D27: 0.01274053 | E27: 411302.22 | F27: 0.0065508927 | G27: 5851.4956 | H27: -0.069883387 | I27: 577.5389 | J27: 0.18014823 | K27: 80283.592 | L27: -0.017798568 | M27: 15109.659 | N27: -0.014403762 | O27: 65173.932 | P27: -0.018582269 | Q27: 12160.369 | R27: 0.091656337 | S27: 2726.1675 | T27: -0.015335911 | U27: 26429.224 | V27: -0.04670998 | W27: 61730.983 | X27: 0.014237561 | Y27: 20840.795 | Z27: -0.0021246607 | AA27: 16711.164 | AB27: 0.035239152 | AC27: 9040.7313 | AD27: 0.0063386821 | AE27: 18320.473 | AF27: 0.037831818 | AG27: 35641.282 | AH27: -0.0071701802 | AI27: 18466.453 | AJ27: -0.05398844 | AK27: 15857.338 | AL27: 0.056668488 | AM27: 65415.333 | AN27: 0.010441615 | AO27: 28870.007 | AP27: 0.0044811497 | AQ27: 17457.762 | AR27: 0.040865062 | AS27: 20779.807 | AT27: 0.052326137 | AU27: 1920.1011 | AV27: 0.26198224 | AW27: 5843.3288 | AX27: -0.0069049617 | AY27: 1542.8626 | AZ27: 0.010108133 | BA27: 12421.143 | BB27: 0.27168639 | BC27: 21863.208 | BD27: 0.14666033 | BE27: -9442.0649 | BF27: 0.015341427
A28: 1996 | C28: 426747.89 | D28: 0.0071379724 | E28: 414531.78 | F28: 0.0078520439 | G28: 5163.7274 | H28: -0.11753716 | I28: 519.83817 | J28: -0.09990796 | K28: 80033.232 | L28: -0.0031184343 | M28: 15142.75 | N28: 0.0021900573 | O28: 64890.482 | P28: -0.0043491334 | Q28: 11458.004 | R28: -0.057758462 | S28: 2562.369 | T28: -0.06008377 | U28: 24202.838 | V28: -0.08423957 | W28: 61113.326 | X28: -0.010005631 | Y28: 20597.663 | Z28: -0.011666171 | AA28: 17194.904 | AB28: 0.028947138 | AC28: 9252.6116 | AD28: 0.023436185 | AE28: 18548.782 | AF28: 0.012461972 | AG28: 40201.866 | AH28: 0.12795791 | AI28: 23151.157 | AJ28: 0.25368724 | AK28: 15401.364 | AL28: -0.02875478 | AM28: 66975.95 | AN28: 0.023857045 | AO28: 28785.679 | AP28: -0.0029209574 | AQ28: 17746.705 | AR28: 0.016551 | AS28: 21531.608 | AT28: 0.036179417 | AU28: 1994.0349 | AV28: 0.03850516 | AW28: 5735.8026 | AX28: -0.018401527 | AY28: 1510.5056 | AZ28: -0.020972053 | BA28: 12216.105 | BB28: -0.016507132 | BC28: 21919.289 | BD28: 0.0025650861 | BE28: -9703.1833 | BF28: 0.027654804
A29: 1997 | C29: 434142.76 | D29: 0.017328425 | E29: 421030.45 | F29: 0.015677112 | G29: 5393.9156 | H29: 0.044577917 | I29: 599.3383 | J29: 0.15293248 | K29: 81548.527 | L29: 0.018933321 | M29: 15327.004 | N29: 0.012167749 | O29: 66221.524 | P29: 0.020512125 | Q29: 11332.476 | R29: -0.010955485 | S29: 2544.1162 | T29: -0.0071234294 | U29: 21722.319 | V29: -0.10248875 | W29: 61702.416 | X29: 0.0096392967 | Y29: 20788.792 | Z29: 0.0092791582 | AA29: 16629.638 | AB29: -0.032874045 | AC29: 11052.47 | AD29: 0.19452441 | AE29: 17966.918 | AF29: -0.031369421 | AG29: 47406.232 | AH29: 0.17920478 | AI29: 28634.249 | AJ29: 0.23683883 | AK29: 16285.513 | AL29: 0.057407206 | AM29: 65908.053 | AN29: -0.015944483 | AO29: 28460.074 | AP29: -0.011311339 | AQ29: 17760.822 | AR29: 0.00079547087 | AS29: 21841.557 | AT29: 0.014395097 | AU29: 2061.3907 | AV29: 0.033778662 | AW29: 5599.2405 | AX29: -0.023808729 | AY29: 1500.94 | AZ29: -0.006332712 | BA29: 13112.313 | BB29: 0.073362772 | BC29: 22693.992 | BD29: 0.035343454 | BE29: -9581.6793 | BF29: -0.012522075
A30: 1998 | C30: 444567.53 | D30: 0.024012302 | E30: 430314.71 | F30: 0.022051283 | G30: 5203.1322 | H30: -0.035370118 | I30: 621.26817 | J30: 0.036590131 | K30: 82501.995 | L30: 0.011692026 | M30: 16051.105 | N30: 0.047243503 | O30: 66450.89 | P30: 0.0034636193 | Q30: 10987.735 | R30: -0.030420671 | S30: 2508.4989 | T30: -0.013999887 | U30: 21807.534 | V30: 0.0039229087 | W30: 62376.827 | X30: 0.010930067 | Y30: 21077.648 | Z30: 0.013894816 | AA30: 17480.626 | AB30: 0.051172989 | AC30: 11473.479 | AD30: 0.038091801 | AE30: 19392.241 | AF30: 0.079330438 | AG30: 50100.171 | AH30: 0.056826673 | AI30: 29786.344 | AJ30: 0.040234837 | AK30: 17011.387 | AL30: 0.044571759 | AM30: 67093.076 | AN30: 0.017979934 | AO30: 28511.145 | AP30: 0.0017944568 | AQ30: 17747.973 | AR30: -0.00072346971 | AS30: 23184.205 | AT30: 0.061472163 | AU30: 2222.9903 | AV30: 0.078393497 | AW30: 5571.8643 | AX30: -0.0048892697 | AY30: 1529.947 | AZ30: 0.019325881 | BA30: 14252.818 | BB30: 0.086979726 | BC30: 24841.969 | BD30: 0.094649574 | BE30: -10589.151 | BF30: 0.10514559
A31: 1999 | C31: 453551.43 | D31: 0.020208187 | E31: 435588.32 | F31: 0.012255256 | G31: 4937.2906 | H31: -0.051092615 | I31: 588.39987 | J31: -0.052905177 | K31: 82868.363 | L31: 0.004440716 | M31: 15991.912 | N31: -0.0036877508 | O31: 66876.45 | P31: 0.0064041341 | Q31: 11241.329 | R31: 0.023079774 | S31: 2552.3131 | T31: 0.017466324 | U31: 21601.68 | V31: -0.0094395883 | W31: 64646.138 | X31: 0.036380676 | Y31: 21317.272 | Z31: 0.011368631 | AA31: 15589.506 | AB31: -0.10818382 | AC31: 11567.302 | AD31: 0.0081773523 | AE31: 20080.653 | AF31: 0.03549933 | AG31: 51245.329 | AH31: 0.022857376 | AI31: 30968.855 | AJ31: 0.03969977 | AK31: 16775.496 | AL31: -0.013866658 | AM31: 68819.905 | AN31: 0.025737819 | AO31: 28713.805 | AP31: 0.0071081081 | AQ31: 17996.026 | AR31: 0.013976418 | AS31: 23802.046 | AT31: 0.026649208 | AU31: 2350.0243 | AV31: 0.057145562 | AW31: 5415.2889 | AX31: -0.028101071 | AY31: 1572.9259 | AZ31: 0.028091797 | BA31: 17963.105 | BB31: 0.26031953 | BC31: 26913.729 | BD31: 0.083397596 | BE31: -8950.6243 | BF31: -0.15473634
A32: 2000 | C32: 476485.39 | D32: 0.050565294 | E32: 455731.86 | F32: 0.046244437 | G32: 5031.7376 | H32: 0.019129317 | I32: 575.35093 | J32: -0.022176985 | K32: 84590.442 | L32: 0.020780901 | M32: 16708.048 | N32: 0.04478113 | O32: 67882.394 | P32: 0.015041817 | Q32: 11249.877 | R32: 0.00076041748 | S32: 2468.0534 | T32: -0.033013082 | U32: 22336.859 | V32: 0.034033413 | W32: 68547.716 | X32: 0.060352831 | Y32: 21911.33 | Z32: 0.027867447 | AA32: 16481.581 | AB32: 0.057222819 | AC32: 11898.494 | AD32: 0.028631779 | AE32: 21197.386 | AF32: 0.055612404 | AG32: 58089.354 | AH32: 0.13355411 | AI32: 35472.771 | AJ32: 0.14543372 | AK32: 18380.052 | AL32: 0.095648809 | AM32: 70214.946 | AN32: 0.020270892 | AO32: 29738.29 | AP32: 0.035679186 | AQ32: 18710.558 | AR32: 0.039704957 | AS32: 25038.523 | AT32: 0.05194834 | AU32: 2439.482 | AV32: 0.038066711 | AW32: 5511.8764 | AX32: 0.017836077 | AY32: 1611.3359 | AZ32: 0.024419413 | BA32: 20753.529 | BB32: 0.15534197 | BC32: 29536.022 | BD32: 0.097433267 | BE32: -8782.4927 | BF32: -0.018784342
A33: 2001 | C33: 490334.56 | D33: 0.029065263 | E33: 470461.79 | F33: 0.032321487 | G33: 4499.1503 | H33: -0.1058456 | I33: 595.68284 | J33: 0.035338265 | K33: 90419.47 | L33: 0.068908824 | M33: 19104.703 | N33: 0.14344315 | O33: 71314.766 | P33: 0.05056352 | Q33: 11666.811 | R33: 0.037061216 | S33: 2548.3127 | T33: 0.032519265 | U33: 23031.171 | V33: 0.031083708 | W33: 70806.645 | X33: 0.032954111 | Y33: 22982.408 | Z33: 0.048882363 | AA33: 17129.005 | AB33: 0.039281682 | AC33: 12460.992 | AD33: 0.047274737 | AE33: 22390.531 | AF33: 0.05628738 | AG33: 52275.072 | AH33: -0.10009204 | AI33: 30996.207 | AJ33: -0.12619719 | AK33: 17126.025 | AL33: -0.068227613 | AM33: 75030.909 | AN33: 0.068588867 | AO33: 30855.271 | AP33: 0.037560353 | AQ33: 19815.377 | AR33: 0.059047898 | AS33: 26829.428 | AT33: 0.071526016 | AU33: 2681.8712 | AV33: 0.099360897 | AW33: 5783.6024 | AX33: 0.049298264 | AY33: 1642.4896 | AZ33: 0.019334118 | BA33: 19872.771 | BB33: -0.042438955 | BC33: 29393.372 | BD33: -0.0048296787 | BE33: -9520.6013 | BF33: 0.084043178
A34: 2002 | C34: 488955.69 | D34: -0.0028121085 | E34: 470753.65 | F34: 0.00062036478 | G34: 4545.8198 | H34: 0.010372962 | I34: 592.96001 | J34: -0.0045709261 | K34: 92283.677 | L34: 0.020617318 | M34: 21401.858 | N34: 0.12024025 | O34: 70881.819 | P34: -0.006070935 | Q34: 9643.322 | R34: -0.1734398 | S34: 2626.5527 | T34: 0.030702671 | U34: 23851.088 | V34: 0.035600301 | W34: 72300.191 | X34: 0.021093304 | Y34: 22975.204 | Z34: -0.0003134463 | AA34: 17610.502 | AB34: 0.028110034 | AC34: 12223.719 | AD34: -0.019041265 | AE34: 23000.294 | AF34: 0.027233069 | AG34: 48528.8 | AH34: -0.071664592 | AI34: 29700.536 | AJ34: -0.04180095 | AK34: 14841.197 | AL34: -0.13341263 | AM34: 72424.442 | AN34: -0.034738579 | AO34: 31515.37 | AP34: 0.021393405 | AQ34: 20756.846 | AR34: 0.047512041 | AS34: 28068.513 | AT34: 0.046183775 | AU34: 2952.2002 | AV34: 0.10079866 | AW34: 6177.9305 | AX34: 0.068180359 | AY34: 1651.423 | AZ34: 0.005438953 | BA34: 18202.039 | BB34: -0.084071412 | BC34: 28388.53 | BD34: -0.03418601 | BE34: -10186.491 | BF34: 0.069941992
... A57: 2025 | C57: 882518.55 | D57: 0.02557494 | E57: 860693.17 | F57: 0.02598683 | G57: 5505.6663 | H57: 0.089418935 | I57: 791.42598 | J57: 0.036607721 | K57: 168450.14 | L57: 0.028845141 | M57: 66974.675 | N57: 0.064460503 | O57: 101475.46 | P57: 0.0066160729 | Q57: 11898.205 | R57: -0.15214934 | S57: 2800.6461 | T57: 0.0012758274 | U57: 39926.888 | V57: 0.037988354 | W57: 130241.24 | X57: 0.033961408 | Y57: 27301.118 | Z57: 0.014827432 | AA57: 31604.801 | AB57: 0.025614999 | AC57: 15710.663 | AD57: 0.024159341 | AE57: 41175.921 | AF57: 0.016708111 | AG57: 77590.584 | AH57: 0.068133369 | AI57: 33174.657 | AJ57: 0.049787854 | AK57: 29569.179 | AL57: 0.11071541 | AM57: 156659.66 | AN57: 0.0098241805 | AO57: 56197.452 | AP57: 0.021706297 | AQ57: 36501.461 | AR57: 0.024897207 | AS57: 66021.919 | AT57: 0.054302751 | AU57: 6354.5917 | AV57: -0.10259816 | AW57: 10751.106 | AX57: -0.0033680811 | AY57: 2510.8029 | AZ57: -0.015005735 | BA57: 21825.381 | BB57: 0.0095914594 | BC57: 41518.672 | BD57: 0.024775013 | BE57: -19693.291 | BF57: 0.042144998

Sheet real_y
A1: =INDIRECT("beschriftung!"&ADDRESS(beschriftung!$C$1*12+ROW(beschriftung!$A1)-1,COLUMN(beschriftung!A$1))) -> ESA 2010, Quarterly aggregates of Gross Domestic Product, production approach, seasonally, calendar and sport event adjusted data. Background information on sport event adjustment can be found in the publication “Konjunkturtendenzen” (“Economic Trends”) from autumn 2022 and in the technical note from 5 September 2022 on the website www.seco.admin.ch.
A2: =INDIRECT("beschriftung!"&ADDRESS(beschriftung!$C$1*12+ROW(beschriftung!$A3)-1,COLUMN(beschriftung!B$1))) -> In Mio. Swiss Francs, at prices of the preceding year, chained values, reference year 2020, percentage change to previous year
C4: =INDIRECT("beschriftung!"&ADDRESS(beschriftung!$C$1*12+ROW(beschriftung!$A5)-1,COLUMN(beschriftung!C$1))) -> Gross domestic product | D4: =IF(INDIRECT("beschriftung.!"&ADDRESS(#REF!*12+ROW($A5)-1,COLUMN(D$1)))="","",INDIRECT("beschriftung.!"&ADDRESS(#REF!*12+ROW($A5)-1,COLUMN(D$1)))) -> #REF! | E4: =IF(INDIRECT("beschriftung.!"&ADDRESS(#REF!*12+ROW($A5)-1,COLUMN(E$1)))="","",INDIRECT("beschriftung.!"&ADDRESS(#REF!*12+ROW($A5)-1,COLUMN(E$1)))) -> #REF! | F4: =IF(INDIRECT("beschriftung.!"&ADDRESS(#REF!*12+ROW($A5)-1,COLUMN(F$1)))="","",INDIRECT("beschriftung.!"&ADDRESS(#REF!*12+ROW($A5)-1,COLUMN(F$1)))) -> #REF! | G4: =IF(INDIRECT("beschriftung.!"&ADDRESS(#REF!*12+ROW($A5)-1,COLUMN(G$1)))="","",INDIRECT("beschriftung.!"&ADDRESS(#REF!*12+ROW($A5)-1,COLUMN(G$1)))) -> #REF! | H4: =IF(INDIRECT("beschriftung.!"&ADDRESS(#REF!*12+ROW($A5)-1,COLUMN(H$1)))="","",INDIRECT("beschriftung.!"&ADDRESS(#REF!*12+ROW($A5)-1,COLUMN(H$1)))) -> #REF! | I4: =IF(INDIRECT("beschriftung.!"&ADDRESS(#REF!*12+ROW($A5)-1,COLUMN(I$1)))="","",INDIRECT("beschriftung.!"&ADDRESS(#REF!*12+ROW($A5)-1,COLUMN(I$1)))) -> #REF! | J4: =IF(INDIRECT("beschriftung.!"&ADDRESS(#REF!*12+ROW($A5)-1,COLUMN(J$1)))="","",INDIRECT("beschriftung.!"&ADDRESS(#REF!*12+ROW($A5)-1,COLUMN(J$1)))) -> #REF! | K4: =IF(INDIRECT("beschriftung.!"&ADDRESS(#REF!*12+ROW($A5)-1,COLUMN(K$1)))="","",INDIRECT("beschriftung.!"&ADDRESS(#REF!*12+ROW($A5)-1,COLUMN(K$1)))) -> #REF! | L4: =IF(INDIRECT("beschriftung.!"&ADDRESS(#REF!*12+ROW($A5)-1,COLUMN(L$1)))="","",INDIRECT("beschriftung.!"&ADDRESS(#REF!*12+ROW($A5)-1,COLUMN(L$1)))) -> #REF! | Q4: =IF(INDIRECT("beschriftung.!"&ADDRESS(#REF!*12+ROW($A5)-1,COLUMN(Q$1)))="","",INDIRECT("beschriftung.!"&ADDRESS(#REF!*12+ROW($A5)-1,COLUMN(Q$1)))) -> #REF! | R4: =IF(INDIRECT("beschriftung.!"&ADDRESS(#REF!*12+ROW($A5)-1,COLUMN(R$1)))="","",INDIRECT("beschriftung.!"&ADDRESS(#REF!*12+ROW($A5)-1,COLUMN(R$1)))) -> #REF! | U4: =IF(INDIRECT("beschriftung.!"&ADDRESS(#REF!*12+ROW($A5)-1,COLUMN(U$1)))="","",INDIRECT("beschriftung.!"&ADDRESS(#REF!*12+ROW($A5)-1,COLUMN(U$1)))) -> #REF! | V4: =IF(INDIRECT("beschriftung.!"&ADDRESS(#REF!*12+ROW($A5)-1,COLUMN(V$1)))="","",INDIRECT("beschriftung.!"&ADDRESS(#REF!*12+ROW($A5)-1,COLUMN(V$1)))) -> #REF! | W4: =IF(INDIRECT("beschriftung.!"&ADDRESS(#REF!*12+ROW($A5)-1,COLUMN(W$1)))="","",INDIRECT("beschriftung.!"&ADDRESS(#REF!*12+ROW($A5)-1,COLUMN(W$1)))) -> #REF! | X4: =IF(INDIRECT("beschriftung.!"&ADDRESS(#REF!*12+ROW($A5)-1,COLUMN(X$1)))="","",INDIRECT("beschriftung.!"&ADDRESS(#REF!*12+ROW($A5)-1,COLUMN(X$1)))) -> #REF! | AA4: =IF(INDIRECT("beschriftung.!"&ADDRESS(#REF!*12+ROW($A5)-1,COLUMN(AA$1)))="","",INDIRECT("beschriftung.!"&ADDRESS(#REF!*12+ROW($A5)-1,COLUMN(AA$1)))) -> #REF! | AB4: =IF(INDIRECT("beschriftung.!"&ADDRESS(#REF!*12+ROW($A5)-1,COLUMN(AB$1)))="","",INDIRECT("beschriftung.!"&ADDRESS(#REF!*12+ROW($A5)-1,COLUMN(AB$1)))) -> #REF! | AG4: =IF(INDIRECT("beschriftung.!"&ADDRESS(#REF!*12+ROW($A5)-1,COLUMN(AG$1)))="","",INDIRECT("beschriftung.!"&ADDRESS(#REF!*12+ROW($A5)-1,COLUMN(AG$1)))) -> #REF! | AH4: =IF(INDIRECT("beschriftung.!"&ADDRESS(#REF!*12+ROW($A5)-1,COLUMN(AH$1)))="","",INDIRECT("beschriftung.!"&ADDRESS(#REF!*12+ROW($A5)-1,COLUMN(AH$1)))) -> #REF! | AI4: =IF(INDIRECT("beschriftung.!"&ADDRESS(#REF!*12+ROW($A5)-1,COLUMN(AI$1)))="","",INDIRECT("beschriftung.!"&ADDRESS(#REF!*12+ROW($A5)-1,COLUMN(AI$1)))) -> #REF! | AJ4: =IF(INDIRECT("beschriftung.!"&ADDRESS(#REF!*12+ROW($A5)-1,COLUMN(AJ$1)))="","",INDIRECT("beschriftung.!"&ADDRESS(#REF!*12+ROW($A5)-1,COLUMN(AJ$1)))) -> #REF! | AM4: =IF(INDIRECT("beschriftung.!"&ADDRESS(#REF!*12+ROW($A5)-1,COLUMN(AM$1)))="","",INDIRECT("beschriftung.!"&ADDRESS(#REF!*12+ROW($A5)-1,COLUMN(AM$1)))) -> #REF! | AN4: =IF(INDIRECT("beschriftung.!"&ADDRESS(#REF!*12+ROW($A5)-1,COLUMN(AN$1)))="","",INDIRECT("beschriftung.!"&ADDRESS(#REF!*12+ROW($A5)-1,COLUMN(AN$1)))) -> #REF! | AO4: =IF(INDIRECT("beschriftung.!"&ADDRESS(#REF!*12+ROW($A5)-1,COLUMN(AO$1)))="","",INDIRECT("beschriftung.!"&ADDRESS(#REF!*12+ROW($A5)-1,COLUMN(AO$1)))) -> #REF! | AP4: =IF(INDIRECT("beschriftung.!"&ADDRESS(#REF!*12+ROW($A5)-1,COLUMN(AP$1)))="","",INDIRECT("beschriftung.!"&ADDRESS(#REF!*12+ROW($A5)-1,COLUMN(AP$1)))) -> #REF! | AQ4: =IF(INDIRECT("beschriftung.!"&ADDRESS(#REF!*12+ROW($A5)-1,COLUMN(AQ$1)))="","",INDIRECT("beschriftung.!"&ADDRESS(#REF!*12+ROW($A5)-1,COLUMN(AQ$1)))) -> #REF! | AR4: =IF(INDIRECT("beschriftung.!"&ADDRESS(#REF!*12+ROW($A5)-1,COLUMN(AR$1)))="","",INDIRECT("beschriftung.!"&ADDRESS(#REF!*12+ROW($A5)-1,COLUMN(AR$1)))) -> #REF! | AS4: =IF(INDIRECT("beschriftung.!"&ADDRESS(#REF!*12+ROW($A5)-1,COLUMN(AS$1)))="","",INDIRECT("beschriftung.!"&ADDRESS(#REF!*12+ROW($A5)-1,COLUMN(AS$1)))) -> #REF! | AT4: =IF(INDIRECT("beschriftung.!"&ADDRESS(#REF!*12+ROW($A5)-1,COLUMN(AT$1)))="","",INDIRECT("beschriftung.!"&ADDRESS(#REF!*12+ROW($A5)-1,COLUMN(AT$1)))) -> #REF! | ... AV4: =IF(INDIRECT("beschriftung.!"&ADDRESS(#REF!*12+ROW($A5)-1,COLUMN(AV$1)))="","",INDIRECT("beschriftung.!"&ADDRESS(#REF!*12+ROW($A5)-1,COLUMN(AV$1)))) -> #REF! | AY4: =IF(INDIRECT("beschriftung.!"&ADDRESS(#REF!*12+ROW($A5)-1,COLUMN(AY$1)))="","",INDIRECT("beschriftung.!"&ADDRESS(#REF!*12+ROW($A5)-1,COLUMN(AY$1)))) -> #REF! | AZ4: =IF(INDIRECT("beschriftung.!"&ADDRESS(#REF!*12+ROW($A5)-1,COLUMN(AZ$1)))="","",INDIRECT("beschriftung.!"&ADDRESS(#REF!*12+ROW($A5)-1,COLUMN(AZ$1)))) -> #REF! | BA4: =IF(INDIRECT("beschriftung.!"&ADDRESS(#REF!*12+ROW($A5)-1,COLUMN(BA$1)))="","",INDIRECT("beschriftung.!"&ADDRESS(#REF!*12+ROW($A5)-1,COLUMN(BA$1)))) -> #REF! | BB4: =IF(INDIRECT("beschriftung.!"&ADDRESS(#REF!*12+ROW($A5)-1,COLUMN(BB$1)))="","",INDIRECT("beschriftung.!"&ADDRESS(#REF!*12+ROW($A5)-1,COLUMN(BB$1)))) -> #REF! | BC4: =IF(INDIRECT("beschriftung.!"&ADDRESS(#REF!*12+ROW($A5)-1,COLUMN(BC$1)))="","",INDIRECT("beschriftung.!"&ADDRESS(#REF!*12+ROW($A5)-1,COLUMN(BC$1)))) -> #REF! | BD4: =IF(INDIRECT("beschriftung.!"&ADDRESS(#REF!*12+ROW($A5)-1,COLUMN(BD$1)))="","",INDIRECT("beschriftung.!"&ADDRESS(#REF!*12+ROW($A5)-1,COLUMN(BD$1)))) -> #REF! | BE4: =IF(INDIRECT("beschriftung.!"&ADDRESS(#REF!*12+ROW($A5)-1,COLUMN(BE$1)))="","",INDIRECT("beschriftung.!"&ADDRESS(#REF!*12+ROW($A5)-1,COLUMN(BE$1)))) -> #REF! | BF4: =IF(INDIRECT("beschriftung.!"&ADDRESS(#REF!*12+ROW($A5)-1,COLUMN(BF$1)))="","",INDIRECT("beschriftung.!"&ADDRESS(#REF!*12+ROW($A5)-1,COLUMN(BF$1)))) -> #REF!
E5: =INDIRECT("beschriftung!"&ADDRESS(beschriftung!$C$1*12+ROW(beschriftung!$A6)-1,COLUMN(beschriftung!D$1))) -> Gross value added before adjustments | F5: =IF(INDIRECT("beschriftung.!"&ADDRESS(#REF!*12+ROW($A6)-1,COLUMN(F$1)))="","",INDIRECT("beschriftung.!"&ADDRESS(#REF!*12+ROW($A6)-1,COLUMN(F$1)))) -> #REF! | G5: =IF(INDIRECT("beschriftung.!"&ADDRESS(#REF!*12+ROW($A6)-1,COLUMN(G$1)))="","",INDIRECT("beschriftung.!"&ADDRESS(#REF!*12+ROW($A6)-1,COLUMN(G$1)))) -> #REF! | H5: =IF(INDIRECT("beschriftung.!"&ADDRESS(#REF!*12+ROW($A6)-1,COLUMN(H$1)))="","",INDIRECT("beschriftung.!"&ADDRESS(#REF!*12+ROW($A6)-1,COLUMN(H$1)))) -> #REF! | I5: =IF(INDIRECT("beschriftung.!"&ADDRESS(#REF!*12+ROW($A6)-1,COLUMN(I$1)))="","",INDIRECT("beschriftung.!"&ADDRESS(#REF!*12+ROW($A6)-1,COLUMN(I$1)))) -> #REF! | J5: =IF(INDIRECT("beschriftung.!"&ADDRESS(#REF!*12+ROW($A6)-1,COLUMN(J$1)))="","",INDIRECT("beschriftung.!"&ADDRESS(#REF!*12+ROW($A6)-1,COLUMN(J$1)))) -> #REF! | K5: =IF(INDIRECT("beschriftung.!"&ADDRESS(#REF!*12+ROW($A6)-1,COLUMN(K$1)))="","",INDIRECT("beschriftung.!"&ADDRESS(#REF!*12+ROW($A6)-1,COLUMN(K$1)))) -> #REF! | L5: =IF(INDIRECT("beschriftung.!"&ADDRESS(#REF!*12+ROW($A6)-1,COLUMN(L$1)))="","",INDIRECT("beschriftung.!"&ADDRESS(#REF!*12+ROW($A6)-1,COLUMN(L$1)))) -> #REF! | Q5: =IF(INDIRECT("beschriftung.!"&ADDRESS(#REF!*12+ROW($A6)-1,COLUMN(Q$1)))="","",INDIRECT("beschriftung.!"&ADDRESS(#REF!*12+ROW($A6)-1,COLUMN(Q$1)))) -> #REF! | R5: =IF(INDIRECT("beschriftung.!"&ADDRESS(#REF!*12+ROW($A6)-1,COLUMN(R$1)))="","",INDIRECT("beschriftung.!"&ADDRESS(#REF!*12+ROW($A6)-1,COLUMN(R$1)))) -> #REF! | U5: =IF(INDIRECT("beschriftung.!"&ADDRESS(#REF!*12+ROW($A6)-1,COLUMN(U$1)))="","",INDIRECT("beschriftung.!"&ADDRESS(#REF!*12+ROW($A6)-1,COLUMN(U$1)))) -> #REF! | V5: =IF(INDIRECT("beschriftung.!"&ADDRESS(#REF!*12+ROW($A6)-1,COLUMN(V$1)))="","",INDIRECT("beschriftung.!"&ADDRESS(#REF!*12+ROW($A6)-1,COLUMN(V$1)))) -> #REF! | W5: =IF(INDIRECT("beschriftung.!"&ADDRESS(#REF!*12+ROW($A6)-1,COLUMN(W$1)))="","",INDIRECT("beschriftung.!"&ADDRESS(#REF!*12+ROW($A6)-1,COLUMN(W$1)))) -> #REF! | X5: =IF(INDIRECT("beschriftung.!"&ADDRESS(#REF!*12+ROW($A6)-1,COLUMN(X$1)))="","",INDIRECT("beschriftung.!"&ADDRESS(#REF!*12+ROW($A6)-1,COLUMN(X$1)))) -> #REF! | AA5: =IF(INDIRECT("beschriftung.!"&ADDRESS(#REF!*12+ROW($A6)-1,COLUMN(AA$1)))="","",INDIRECT("beschriftung.!"&ADDRESS(#REF!*12+ROW($A6)-1,COLUMN(AA$1)))) -> #REF! | AB5: =IF(INDIRECT("beschriftung.!"&ADDRESS(#REF!*12+ROW($A6)-1,COLUMN(AB$1)))="","",INDIRECT("beschriftung.!"&ADDRESS(#REF!*12+ROW($A6)-1,COLUMN(AB$1)))) -> #REF! | AG5: =IF(INDIRECT("beschriftung.!"&ADDRESS(#REF!*12+ROW($A6)-1,COLUMN(AG$1)))="","",INDIRECT("beschriftung.!"&ADDRESS(#REF!*12+ROW($A6)-1,COLUMN(AG$1)))) -> #REF! | AH5: =IF(INDIRECT("beschriftung.!"&ADDRESS(#REF!*12+ROW($A6)-1,COLUMN(AH$1)))="","",INDIRECT("beschriftung.!"&ADDRESS(#REF!*12+ROW($A6)-1,COLUMN(AH$1)))) -> #REF! | AI5: =IF(INDIRECT("beschriftung.!"&ADDRESS(#REF!*12+ROW($A6)-1,COLUMN(AI$1)))="","",INDIRECT("beschriftung.!"&ADDRESS(#REF!*12+ROW($A6)-1,COLUMN(AI$1)))) -> #REF! | AJ5: =IF(INDIRECT("beschriftung.!"&ADDRESS(#REF!*12+ROW($A6)-1,COLUMN(AJ$1)))="","",INDIRECT("beschriftung.!"&ADDRESS(#REF!*12+ROW($A6)-1,COLUMN(AJ$1)))) -> #REF! | AM5: =IF(INDIRECT("beschriftung.!"&ADDRESS(#REF!*12+ROW($A6)-1,COLUMN(AM$1)))="","",INDIRECT("beschriftung.!"&ADDRESS(#REF!*12+ROW($A6)-1,COLUMN(AM$1)))) -> #REF! | AN5: =IF(INDIRECT("beschriftung.!"&ADDRESS(#REF!*12+ROW($A6)-1,COLUMN(AN$1)))="","",INDIRECT("beschriftung.!"&ADDRESS(#REF!*12+ROW($A6)-1,COLUMN(AN$1)))) -> #REF! | AO5: =IF(INDIRECT("beschriftung.!"&ADDRESS(#REF!*12+ROW($A6)-1,COLUMN(AO$1)))="","",INDIRECT("beschriftung.!"&ADDRESS(#REF!*12+ROW($A6)-1,COLUMN(AO$1)))) -> #REF! | AP5: =IF(INDIRECT("beschriftung.!"&ADDRESS(#REF!*12+ROW($A6)-1,COLUMN(AP$1)))="","",INDIRECT("beschriftung.!"&ADDRESS(#REF!*12+ROW($A6)-1,COLUMN(AP$1)))) -> #REF! | AQ5: =IF(INDIRECT("beschriftung.!"&ADDRESS(#REF!*12+ROW($A6)-1,COLUMN(AQ$1)))="","",INDIRECT("beschriftung.!"&ADDRESS(#REF!*12+ROW($A6)-1,COLUMN(AQ$1)))) -> #REF! | AR5: =IF(INDIRECT("beschriftung.!"&ADDRESS(#REF!*12+ROW($A6)-1,COLUMN(AR$1)))="","",INDIRECT("beschriftung.!"&ADDRESS(#REF!*12+ROW($A6)-1,COLUMN(AR$1)))) -> #REF! | AS5: =IF(INDIRECT("beschriftung.!"&ADDRESS(#REF!*12+ROW($A6)-1,COLUMN(AS$1)))="","",INDIRECT("beschriftung.!"&ADDRESS(#REF!*12+ROW($A6)-1,COLUMN(AS$1)))) -> #REF! | AT5: =IF(INDIRECT("beschriftung.!"&ADDRESS(#REF!*12+ROW($A6)-1,COLUMN(AT$1)))="","",INDIRECT("beschriftung.!"&ADDRESS(#REF!*12+ROW($A6)-1,COLUMN(AT$1)))) -> #REF! | ... AV5: =IF(INDIRECT("beschriftung.!"&ADDRESS(#REF!*12+ROW($A6)-1,COLUMN(AV$1)))="","",INDIRECT("beschriftung.!"&ADDRESS(#REF!*12+ROW($A6)-1,COLUMN(AV$1)))) -> #REF! | AY5: =IF(INDIRECT("beschriftung.!"&ADDRESS(#REF!*12+ROW($A6)-1,COLUMN(AY$1)))="","",INDIRECT("beschriftung.!"&ADDRESS(#REF!*12+ROW($A6)-1,COLUMN(AY$1)))) -> #REF! | AZ5: =IF(INDIRECT("beschriftung.!"&ADDRESS(#REF!*12+ROW($A6)-1,COLUMN(AZ$1)))="","",INDIRECT("beschriftung.!"&ADDRESS(#REF!*12+ROW($A6)-1,COLUMN(AZ$1)))) -> #REF! | BA5: =INDIRECT("beschriftung!"&ADDRESS(beschriftung!$C$1*12+ROW(beschriftung!$A6)-1,COLUMN(beschriftung!AS$1))) -> Adjustments | BB5: =IF(INDIRECT("beschriftung.!"&ADDRESS(#REF!*12+ROW($A6)-1,COLUMN(BB$1)))="","",INDIRECT("beschriftung.!"&ADDRESS(#REF!*12+ROW($A6)-1,COLUMN(BB$1)))) -> #REF! | BC5: =IF(INDIRECT("beschriftung.!"&ADDRESS(#REF!*12+ROW($A6)-1,COLUMN(BC$1)))="","",INDIRECT("beschriftung.!"&ADDRESS(#REF!*12+ROW($A6)-1,COLUMN(BC$1)))) -> #REF! | BD5: =IF(INDIRECT("beschriftung.!"&ADDRESS(#REF!*12+ROW($A6)-1,COLUMN(BD$1)))="","",INDIRECT("beschriftung.!"&ADDRESS(#REF!*12+ROW($A6)-1,COLUMN(BD$1)))) -> #REF! | BE5: =IF(INDIRECT("beschriftung.!"&ADDRESS(#REF!*12+ROW($A6)-1,COLUMN(BE$1)))="","",INDIRECT("beschriftung.!"&ADDRESS(#REF!*12+ROW($A6)-1,COLUMN(BE$1)))) -> #REF! | BF5: =IF(INDIRECT("beschriftung.!"&ADDRESS(#REF!*12+ROW($A6)-1,COLUMN(BF$1)))="","",INDIRECT("beschriftung.!"&ADDRESS(#REF!*12+ROW($A6)-1,COLUMN(BF$1)))) -> #REF!
G6: =INDIRECT("beschriftung!"&ADDRESS(beschriftung!$C$1*12+ROW(beschriftung!$A7)-1,COLUMN(beschriftung!E$1))) -> Agriculture, forestry and fishing | I6: =INDIRECT("beschriftung!"&ADDRESS(beschriftung!$C$1*12+ROW(beschriftung!$A7)-1,COLUMN(beschriftung!G$1))) -> Mining and quarrying | K6: =INDIRECT("beschriftung!"&ADDRESS(beschriftung!$C$1*12+ROW(beschriftung!$A7)-1,COLUMN(beschriftung!I$1))) -> Manufacturing | Q6: =INDIRECT("beschriftung!"&ADDRESS(beschriftung!$C$1*12+ROW(beschriftung!$A7)-1,COLUMN(beschriftung!M$1))) -> Electricity, gas, steam and air conditioning supply | S6: =INDIRECT("beschriftung!"&ADDRESS(beschriftung!$C$1*12+ROW(beschriftung!$A7)-1,COLUMN(beschriftung!O$1))) -> Water supply, sewerage, waste management and remediation activities | U6: =INDIRECT("beschriftung!"&ADDRESS(beschriftung!$C$1*12+ROW(beschriftung!$A7)-1,COLUMN(beschriftung!Q$1))) -> Construction | W6: =INDIRECT("beschriftung!"&ADDRESS(beschriftung!$C$1*12+ROW(beschriftung!$A7)-1,COLUMN(beschriftung!S$1))) -> Trade, repair of motor vehicles and motorcycles | AA6: =INDIRECT("beschriftung!"&ADDRESS(beschriftung!$C$1*12+ROW(beschriftung!$A7)-1,COLUMN(beschriftung!W$1))) -> Transportation and storage | AC6: =INDIRECT("beschriftung!"&ADDRESS(beschriftung!$C$1*12+ROW(beschriftung!$A7)-1,COLUMN(beschriftung!Y$1))) -> Accommodation and food service activities | AE6: =INDIRECT("beschriftung!"&ADDRESS(beschriftung!$C$1*12+ROW(beschriftung!$A7)-1,COLUMN(beschriftung!X$1))) -> Information and communication | AG6: =INDIRECT("beschriftung!"&ADDRESS(beschriftung!$C$1*12+ROW(beschriftung!$A7)-1,COLUMN(beschriftung!AA$1))) -> Financial and insurance activities | AM6: =INDIRECT("beschriftung!"&ADDRESS(beschriftung!$C$1*12+ROW(beschriftung!$A7)-1,COLUMN(beschriftung!AE$1))) -> Real estate, professional, scientific, technical activities and administrative services | AO6: =INDIRECT("beschriftung!"&ADDRESS(beschriftung!$C$1*12+ROW(beschriftung!$A7)-1,COLUMN(beschriftung!AG$1))) -> Public administration | AQ6: =INDIRECT("beschriftung!"&ADDRESS(beschriftung!$C$1*12+ROW(beschriftung!$A7)-1,COLUMN(beschriftung!AI$1))) -> Education | AS6: =INDIRECT("beschriftung!"&ADDRESS(beschriftung!$C$1*12+ROW(beschriftung!$A7)-1,COLUMN(beschriftung!AK$1))) -> Human health and social work activities | AU6: =INDIRECT("beschriftung!"&ADDRESS(beschriftung!$C$1*12+ROW(beschriftung!$A7)-1,COLUMN(beschriftung!AM$1))) -> Arts, entertainment and recreation | AW6: =INDIRECT("beschriftung!"&ADDRESS(beschriftung!$C$1*12+ROW(beschriftung!$A7)-1,COLUMN(beschriftung!AO$1))) -> Other service activities | AY6: =INDIRECT("beschriftung!"&ADDRESS(beschriftung!$C$1*12+ROW(beschriftung!$A7)-1,COLUMN(beschriftung!AQ$1))) -> Activities of housholds as employers and producers for own use | BC6: =INDIRECT("beschriftung!"&ADDRESS(beschriftung!$C$1*12+ROW(beschriftung!$A7)-1,COLUMN(beschriftung!AU$1))) -> Taxes on products | BE6: =INDIRECT("beschriftung!"&ADDRESS(beschriftung!$C$1*12+ROW(beschriftung!$A7)-1,COLUMN(beschriftung!AW$1))) -> Subsidies on products
M8: =INDIRECT("beschriftung!"&ADDRESS(beschriftung!$C$1*12+ROW(beschriftung!$A7),COLUMN(beschriftung!J$1))) -> thereof chemicals and pharmaceuticals | O8: =INDIRECT("beschriftung!"&ADDRESS(beschriftung!$C$1*12+ROW(beschriftung!$A7),COLUMN(beschriftung!K$1))) -> thereof other manufacturing | Y8: =INDIRECT("beschriftung!"&ADDRESS(beschriftung!$C$1*12+ROW(beschriftung!$A7),COLUMN(beschriftung!U$1))) -> thereof retail trade | AI8: =INDIRECT("beschriftung!"&ADDRESS(beschriftung!$C$1*12+ROW(beschriftung!$A7),COLUMN(beschriftung!AB$1))) -> thereof financial activities | AK8: =INDIRECT("beschriftung!"&ADDRESS(beschriftung!$C$1*12+ROW(beschriftung!$A7),COLUMN(beschriftung!AC$1))) -> thereof insurance activities
C11: B1GQ | E11: B1G | G11: NOGA 01-03 | I11: NOGA 05-09 | K11: NOGA 10-33 | M11: NOGA 19-21 | O11: NOGA 10-18; 22-33 | Q11: NOGA 35 | S11: NOGA 36-39 | U11: NOGA 41-43 | W11: NOGA 45-47 | Y11: NOGA 47 | AA11: NOGA 49-53 | AC11: NOGA 55-56 | AE11: NOGA 58-63 | AG11: NOGA 64-66 | AI11: NOGA 64 | AK11: NOGA 65 | AM11: NOGA 68-75; 77-82 | AO11: NOGA 84 | AQ11: NOGA 85 | AS11: NOGA 86-88 | AU11: NOGA 90-93 | AW11: NOGA 94-96 | AY11: NOGA 97-98 | BC11: D21 | BE11: D31
A12: 1980 | C12: 367563.18
A13: 1981 | C13: 373669.13 | D13: 0.016611981
A14: 1982 | C14: 368693.98 | D14: -0.013314321
A15: 1983 | C15: 371026.87 | D15: 0.0063274446
A16: 1984 | C16: 382109.27 | D16: 0.029869529
A17: 1985 | C17: 396465.96 | D17: 0.037572215
A18: 1986 | C18: 403749.02 | D18: 0.018369938
A19: 1987 | C19: 410108.09 | D19: 0.015750058
A20: 1988 | C20: 423176.8 | D20: 0.031866511
A21: 1989 | C21: 441906.17 | D21: 0.044258956
A22: 1990 | C22: 458218.59 | D22: 0.036913767 | E22: 448266.32 | G22: 5048.1492 | I22: 795.21161 | K22: 70297.963 | M22: 5424.216 | O22: 77255.909 | Q22: 13495.932 | S22: 1311.3583 | U22: 36823.93 | W22: 66340.992 | Y22: 19211.885 | AA22: 23790.112 | AC22: 14861.369 | AE22: 17115.75 | AG22: 25531.204 | AI22: 14635.261 | AK22: 8447.2427 | AM22: 89711.402 | AO22: 34935.027 | AQ22: 27429.198 | AS22: 22502.401 | AU22: 2951.7199 | AW22: 12838.05 | AY22: 1690.7544 | BA22: 10678.517 | BC22: 21676.587 | BE22: -11553.467
A23: 1991 | C23: 454065.31 | D23: -0.0090639737 | E23: 445225.12 | F23: -0.0067843515 | G23: 5019.5777 | H23: -0.0056598076 | I23: 784.74763 | J23: -0.013158736 | K23: 70737.782 | L23: 0.0062565011 | M23: 5721.527 | N23: 0.054811792 | O23: 77025.231 | P23: -0.0029858978 | Q23: 13908.541 | R23: 0.03057281 | S23: 1478.6054 | T23: 0.12753731 | U23: 35702.167 | V23: -0.0304629 | W23: 60624.3 | X23: -0.086171334 | Y23: 18304.977 | Z23: -0.047205561 | AA23: 26316.352 | AB23: 0.10618867 | AC23: 15013.401 | AD23: 0.010230014 | AE23: 17442.646 | AF23: 0.019099087 | AG23: 26593.001 | AH23: 0.041588202 | AI23: 15133.888 | AJ23: 0.034070218 | AK23: 8838.0326 | AL23: 0.046262419 | AM23: 89643.25 | AN23: -0.00075968412 | AO23: 35457.765 | AP23: 0.014963152 | AQ23: 26960.223 | AR23: -0.017097636 | AS23: 22713.135 | AT23: 0.0093649453 | AU23: 3167.6954 | AV23: 0.073169374 | AW23: 11344.323 | AX23: -0.11635155 | AY23: 1689.4699 | AZ23: -0.00075973488 | BA23: 9683.8137 | BB23: -0.093149985 | BC23: 21265.79 | BD23: -0.0189512 | BE23: -12391.774 | BF23: 0.072558916
A24: 1992 | C24: 453443 | D24: -0.0013705228 | E24: 445005.12 | F24: -0.00049414925 | G24: 5164.1707 | H24: 0.028805807 | I24: 663.98746 | J24: -0.15388408 | K24: 70789.203 | L24: 0.00072691989 | M24: 6076.6883 | N24: 0.062074569 | O24: 76149.469 | P24: -0.011369806 | Q24: 14365.31 | R24: 0.032840927 | S24: 1633.1741 | T24: 0.10453685 | U24: 34628.712 | V24: -0.030066945 | W24: 60551.288 | X24: -0.0012043282 | Y24: 18186.233 | Z24: -0.0064869974 | AA24: 26796.27 | AB24: 0.018236511 | AC24: 14510.062 | AD24: -0.033525978 | AE24: 16957.779 | AF24: -0.027797791 | AG24: 27803.023 | AH24: 0.045501492 | AI24: 15195.645 | AJ24: 0.0040807442 | AK24: 9578.0984 | AL24: 0.083736496 | AM24: 89209.566 | AN24: -0.0048378855 | AO24: 35442.964 | AP24: -0.00041740782 | AQ24: 26949.76 | AR24: -0.00038808673 | AS24: 22761.485 | AT24: 0.0021287558 | AU24: 2800.9705 | AV24: -0.11577025 | AW24: 10591.992 | AX24: -0.066317914 | AY24: 1681.6019 | AZ24: -0.004657055 | BA24: 9309.7547 | BB24: -0.038627246 | BC24: 20712.048 | BD24: -0.026039126 | BE24: -12222.548 | BF24: -0.013656292
A25: 1993 | C25: 453064.79 | D25: -0.00083408427 | E25: 444227.94 | F25: -0.0017464355 | G25: 4951.9378 | H25: -0.041097185 | I25: 651.49408 | J25: -0.018815695 | K25: 70760.859 | L25: -0.00040039499 | M25: 6434.7084 | N25: 0.058916966 | O25: 75162.291 | P25: -0.01296369 | Q25: 15126.459 | R25: 0.052985196 | S25: 1667.0034 | T25: 0.020713815 | U25: 33705.864 | V25: -0.02664978 | W25: 58389.553 | X25: -0.035700899 | Y25: 17715.084 | Z25: -0.025906887 | AA25: 26125.297 | AB25: -0.025039807 | AC25: 13961.143 | AD25: -0.037830251 | AE25: 16146.591 | AF25: -0.047835712 | AG25: 30329.578 | AH25: 0.090873412 | AI25: 17681.403 | AJ25: 0.16358356 | AK25: 9874.9207 | AL25: 0.030989689 | AM25: 90133.819 | AN25: 0.010360472 | AO25: 35647.21 | AP25: 0.0057626432 | AQ25: 27354.042 | AR25: 0.015001312 | AS25: 22995.927 | AT25: 0.010299936 | AU25: 2613.4742 | AV25: -0.066939769 | AW25: 10148.126 | AX25: -0.041905792 | AY25: 1699.1795 | AZ25: 0.010452904 | BA25: 9691.7457 | BB25: 0.041031263 | BC25: 20720.675 | BD25: 0.00041652884 | BE25: -11781.769 | BF25: -0.036062834
A26: 1994 | C26: 458792.32 | D26: 0.012641732 | E26: 448947.87 | F26: 0.010625014 | G26: 4663.7283 | H26: -0.058201352 | I26: 615.41554 | J26: -0.055378156 | K26: 73338.546 | L26: 0.03642814 | M26: 7148.1996 | N26: 0.11088167 | O26: 76637.458 | P26: 0.019626427 | Q26: 17362.434 | R26: 0.14781879 | S26: 1647.2282 | T26: -0.011862747 | U26: 34173.537 | V26: 0.013875123 | W26: 58123.975 | X26: -0.0045483867 | Y26: 17386.668 | Z26: -0.018538792 | AA26: 25642.083 | AB26: -0.018496018 | AC26: 13182.98 | AD26: -0.055737731 | AE26: 15835.09 | AF26: -0.019292042 | AG26: 30840.352 | AH26: 0.016840771 | AI26: 17823.788 | AJ26: 0.0080528168 | AK26: 10056.492 | AL26: 0.018387134 | AM26: 93170.836 | AN26: 0.033694535 | AO26: 36448.157 | AP26: 0.022468733 | AQ26: 24546.921 | AR26: -0.10262182 | AS26: 23999.827 | AT26: 0.043655555 | AU26: 2483.7248 | AV26: -0.049646306 | AW26: 8954.1663 | AX26: -0.1176532 | AY26: 1756.1902 | AZ26: 0.033551856 | BA26: 10653.503 | BB26: 0.09923466 | BC26: 21397.668 | BD26: 0.03267238 | BE26: -11394.384 | BF26: -0.032880034
A27: 1995 | C27: 461275.26 | D27: 0.0054119199 | E27: 451249.25 | F27: 0.0051261571 | G27: 4779.4036 | H27: 0.024803176 | I27: 726.59276 | J27: 0.1806539 | K27: 72875.078 | L27: -0.0063195694 | M27: 7587.2724 | N27: 0.061424256 | O27: 74954.619 | P27: -0.021958438 | Q27: 18231.119 | R27: 0.050032473 | S27: 1826.8716 | T27: 0.10905801 | U27: 32960.398 | V27: -0.035499364 | W27: 59183.891 | X27: 0.018235434 | Y27: 17311.499 | Z27: -0.0043234089 | AA27: 25441.463 | AB27: -0.0078238347 | AC27: 12501.001 | AD27: -0.051731808 | AE27: 16340.136 | AF27: 0.031894071 | AG27: 30573.084 | AH27: -0.0086661782 | AI27: 16597.118 | AJ27: -0.06882205 | AK27: 10824.536 | AL27: 0.076372901 | AM27: 93293.8 | AN27: 0.0013197731 | AO27: 36181.286 | AP27: -0.0073219295 | AQ27: 25490.354 | AR27: 0.03843388 | AS27: 25119.226 | AT27: 0.046641935 | AU27: 3113.6432 | AV27: 0.25361841 | AW27: 8789.4333 | AX27: -0.018397358 | AY27: 1758.4185 | AZ27: 0.0012688339 | BA27: 10839.229 | BB27: 0.017433315 | BC27: 21562.715 | BD27: 0.007713282 | BE27: -11365.944 | BF27: -0.002495981
A28: 1996 | C28: 463486.38 | D28: 0.0047934799 | E28: 452892.65 | F28: 0.0036418925 | G28: 4769.1292 | H28: -0.0021497345 | I28: 657.37093 | J28: -0.095269078 | K28: 73508.09 | L28: 0.0086862686 | M28: 7678.8374 | N28: 0.01206824 | O28: 75546.926 | P28: 0.0079022062 | Q28: 17004.652 | R28: -0.067273273 | S28: 1699.3666 | T28: -0.069794155 | U28: 30947.37 | V28: -0.061074151 | W28: 58135.018 | X28: -0.01772227 | Y28: 16971.05 | Z28: -0.019666012 | AA28: 25958.48 | AB28: 0.020321822 | AC28: 12532.227 | AD28: 0.0024978714 | AE28: 16396.076 | AF28: 0.0034235037 | AG28: 32901.736 | AH28: 0.076166747 | AI28: 18791.77 | AJ28: 0.13223087 | AK28: 10926.845 | AL28: 0.0094515732 | AM28: 95149.508 | AN28: 0.019891006 | AO28: 36137.176 | AP28: -0.0012191507 | AQ28: 25547.109 | AR28: 0.0022265255 | AS28: 25580.822 | AT28: 0.018376215 | AU28: 3131.9084 | AV28: 0.0058661999 | AW28: 8482.4355 | AX28: -0.034928054 | AY28: 1711.7323 | AZ28: -0.026550075 | BA28: 11304.689 | BB28: 0.042942225 | BC28: 22233.801 | BD28: 0.03112255 | BE28: -11542.953 | BF28: 0.015573633
A29: 1997 | C29: 473786.72 | D29: 0.02222362 | E29: 461758.04 | F29: 0.019575042 | G29: 4809.1741 | H29: 0.0083967064 | I29: 788.6392 | J29: 0.19968676 | K29: 75762.73 | L29: 0.030672 | M29: 8056.8139 | N29: 0.04922314 | O29: 77537.053 | P29: 0.026342933 | Q29: 16875.336 | R29: -0.0076047602 | S29: 1679.5325 | T29: -0.011671514 | U29: 28680.285 | V29: -0.073256131 | W29: 59073.553 | X29: 0.016144066 | Y29: 17229.601 | Z29: 0.015234781 | AA29: 25159.076 | AB29: -0.030795484 | AC29: 14978.336 | AD29: 0.19518553 | AE29: 16143.284 | AF29: -0.015417853 | AG29: 36803.745 | AH29: 0.11859584 | AI29: 21311.295 | AJ29: 0.13407597 | AK29: 11470.632 | AL29: 0.049766217 | AM29: 95749.653 | AN29: 0.0063073849 | AO29: 36066.124 | AP29: -0.0019661731 | AQ29: 25827.251 | AR29: 0.0109657 | AS29: 25804.377 | AT29: 0.0087391848 | AU29: 3219.8216 | AV29: 0.02807015 | AW29: 8262.2344 | AX29: -0.02595966 | AY29: 1710.2844 | AZ29: -0.00084591012 | BA29: 12571.934 | BB29: 0.11209906 | BC29: 23468.967 | BD29: 0.055553519 | BE29: -11362.465 | BF29: -0.015636136
A30: 1998 | C30: 486076.65 | D30: 0.025939788 | E30: 474048.79 | F30: 0.02661728 | G30: 4866.7375 | H30: 0.01196949 | I30: 848.94096 | J30: 0.076463048 | K30: 77496.526 | L30: 0.022884543 | M30: 8770.8953 | N30: 0.088630744 | O30: 78131.573 | P30: 0.0076675534 | Q30: 16390.359 | R30: -0.028738793 | S30: 1635.5622 | T30: -0.026180086 | U30: 28919.052 | V30: 0.0083251026 | W30: 59989.276 | X30: 0.015501396 | Y30: 17535.428 | Z30: 0.017750138 | AA30: 26326.404 | AB30: 0.046397858 | AC30: 15526.412 | AD30: 0.036591248 | AE30: 17921.876 | AF30: 0.11017534 | AG30: 38597.854 | AH30: 0.048748008 | AI30: 21792.645 | AJ30: 0.022586629 | AK30: 11941.454 | AL30: 0.041045846 | AM30: 97990.474 | AN30: 0.023402921 | AO30: 35923.693 | AP30: -0.0039491529 | AQ30: 26337.326 | AR30: 0.019749482 | AS30: 27155.806 | AT30: 0.052372055 | AU30: 3441.6585 | AV30: 0.068897275 | AW30: 8175.9453 | AX30: -0.010443787 | AY30: 1725.8374 | AZ30: 0.0090938275 | BA30: 12623.499 | BB30: 0.0041016127 | BC30: 24511.733 | BD30: 0.044431695 | BE30: -12494.423 | BF30: 0.099622506
A31: 1999 | C31: 494699.5 | D31: 0.017739688 | E31: 479935.94 | F31: 0.012418873 | G31: 4999.7905 | H31: 0.027339258 | I31: 819.23435 | J31: -0.034992551 | K31: 78484.344 | L31: 0.012746615 | M31: 8943.5218 | N31: 0.019681735 | O31: 78996.603 | P31: 0.011071448 | Q31: 16909.166 | R31: 0.031653185 | S31: 1642.591 | T31: 0.0042975099 | U31: 28044.561 | V31: -0.030239252 | W31: 62093.904 | X31: 0.035083413 | Y31: 17792.927 | Z31: 0.014684489 | AA31: 22719.18 | AB31: -0.13701924 | AC31: 15348.919 | AD31: -0.011431671 | AE31: 18968.791 | AF31: 0.058415492 | AG31: 40115.186 | AH31: 0.039311302 | AI31: 23022.335 | AJ31: 0.056426822 | AK31: 12101.769 | AL31: 0.013425043 | AM31: 99299.386 | AN31: 0.013357547 | AO31: 36203.593 | AP31: 0.0077914996 | AQ31: 26644.243 | AR31: 0.011653339 | AS31: 27739.953 | AT31: 0.021510973 | AU31: 3571.8213 | AV31: 0.037819787 | AW31: 7839.817 | AX31: -0.041111866 | AY31: 1752.8785 | AZ31: 0.015668373 | BA31: 14876.411 | BB31: 0.17846963 | BC31: 25418.428 | BD31: 0.036990212 | BE31: -10577.295 | BF31: -0.1534387
A32: 2000 | C32: 512312.6 | D32: 0.03560364 | E32: 495608.61 | F32: 0.032655754 | G32: 5114.4366 | H32: 0.022930177 | I32: 792.9527 | J32: -0.032080751 | K32: 80098.826 | L32: 0.020570745 | M32: 9709.2045 | N32: 0.085613112 | O32: 79392.961 | P32: 0.0050174095 | Q32: 16861.867 | R32: -0.00279726 | S32: 1587.4149 | T32: -0.033590887 | U32: 27790.844 | V32: -0.0090469108 | W32: 64769.412 | X32: 0.043088094 | Y32: 18169.068 | Z32: 0.0211399 | AA32: 23918.088 | AB32: 0.052770776 | AC32: 15646.713 | AD32: 0.01940162 | AE32: 21565.098 | AF32: 0.13687252 | AG32: 44054.602 | AH32: 0.098202596 | AI32: 25400.112 | AJ32: 0.10328133 | AK32: 12811.637 | AL32: 0.058658195 | AM32: 98934.684 | AN32: -0.0036727563 | AO32: 36938.561 | AP32: 0.020300969 | AQ32: 26195.21 | AR32: -0.016852923 | AS32: 28967.928 | AT32: 0.044267368 | AU32: 3607.0197 | AV32: 0.0098544604 | AW32: 7858.0344 | AX32: 0.002323706 | AY32: 1768.7995 | AZ32: 0.0090828078 | BA32: 16468.606 | BB32: 0.10702819 | BC32: 26803.394 | BD32: 0.054486699 | BE32: -10038.282 | BF32: -0.05095939
A33: 2001 | C33: 521513.93 | D33: 0.017960384 | E33: 505622.97 | F33: 0.020206185 | G33: 4714.989 | H33: -0.07810196 | I33: 797.16346 | J33: 0.0053102355 | K33: 84843.424 | L33: 0.0592343 | M33: 11185.049 | N33: 0.1520047 | O33: 82282.905 | P33: 0.03640051 | Q33: 17123.494 | R33: 0.01551592 | S33: 1610.255 | T33: 0.014388217 | U33: 27641.27 | V33: -0.005382159 | W33: 66737.245 | X33: 0.030382137 | Y33: 19119.737 | Z33: 0.052323473 | AA33: 23933.239 | AB33: 0.00063342661 | AC33: 15965.625 | AD33: 0.020382049 | AE33: 22770.904 | AF33: 0.055914727 | AG33: 40940.485 | AH33: -0.070687658 | AI33: 22203.453 | AJ33: -0.12585215 | AK33: 13115.02 | AL33: 0.02368029 | AM33: 102486.13 | AN33: 0.035896853 | AO33: 37668.339 | AP33: 0.01975653 | AQ33: 26344.965 | AR33: 0.0057168721 | AS33: 30747.758 | AT33: 0.061441408 | AU33: 3853.5628 | AV33: 0.068350931 | AW33: 8038.1988 | AX33: 0.022927412 | AY33: 1800.8883 | AZ33: 0.018141535 | BA33: 15952.314 | BB33: -0.031350069 | BC33: 26785.361 | BD33: -0.00067278097 | BE33: -10759.226 | BF33: 0.071819393
A34: 2002 | C34: 522433.39 | D34: 0.001763055 | E34: 507174.58 | F34: 0.0030687153 | G34: 4842.8929 | H34: 0.027127073 | I34: 788.6729 | J34: -0.010650965 | K34: 86973.524 | L34: 0.02510625 | M34: 12838.981 | N34: 0.14786991 | O34: 81642.643 | P34: -0.0077812345 | Q34: 14582.994 | R34: -0.14836342 | S34: 1637.3952 | T34: 0.016854611 | U34: 28898.319 | V34: 0.045477253 | W34: 68756.647 | X34: 0.030258994 | Y34: 19156.439 | Z34: 0.0019195916 | AA34: 24428.338 | AB34: 0.020686674 | AC34: 15202.417 | AD34: -0.047803244 | AE34: 23191.549 | AF34: 0.018472924 | AG34: 39469.169 | AH34: -0.035937922 | AI34: 21175.951 | AJ34: -0.046276689 | AK34: 12762.849 | AL34: -0.026852506 | AM34: 98097.428 | AN34: -0.042822382 | AO34: 37962.259 | AP34: 0.0078028397 | AQ34: 27412.341 | AR34: 0.040515375 | AS34: 31788.451 | AT34: 0.033846116 | AU34: 4187.0356 | AV34: 0.086536217 | AW34: 8445.0204 | AX34: 0.050611038 | AY34: 1809.4404 | AZ34: 0.0047488674 | BA34: 15488.423 | BB34: -0.029079865 | BC34: 26782.167 | BD34: -0.0001192462 | BE34: -11408.346 | BF34: 0.060331532
... A57: 2025 | C57: 813916.73 | D57: 0.017670975 | E57: 793872.42 | F57: 0.018177508 | G57: 5232.5082 | H57: 0.070628658 | I57: 743.41232 | J57: 0.031548474 | K57: 177989.31 | L57: 0.023856343 | M57: 85091.385 | N57: 0.081560055 | O57: 95530.683 | P57: -0.012159007 | Q57: 7798.3379 | R57: -0.11889261 | S57: 2924.8458 | T57: 0.0080719054 | U57: 33504.322 | V57: 0.018953233 | W57: 99804.485 | X57: 0.052854387 | Y57: 26862.049 | Z57: 0.028608808 | AA57: 29321.174 | AB57: 0.0021333624 | AC57: 14186.403 | AD57: 0.0011049416 | AE57: 41187.08 | AF57: -0.0023741517 | AG57: 70878.446 | AH57: 0.065571304 | AI57: 28868.653 | AJ57: 0.081032236 | AK57: 27436.111 | AL57: 0.075694365 | AM57: 143962.92 | AN57: -0.010100559 | AO57: 49981.296 | AP57: -0.0021295095 | AQ57: 31853.47 | AR57: 0.0044141104 | AS57: 66214.067 | AT57: 0.052053415 | AU57: 6669.7028 | AV57: -0.13892093 | AW57: 10277.196 | AX57: -0.020065792 | AY57: 2349.6774 | AZ57: -0.03382688 | BA57: 20003.558 | BB57: -0.0020155316 | BC57: 39071.746 | BD57: 0.019073052 | BE57: -19089.8 | BF57: 0.043198392

Sheet defl_y
A1: =INDIRECT("beschriftung!"&ADDRESS(beschriftung!$C$1*12+ROW(beschriftung!$A1)-1,COLUMN(beschriftung!A$1))) -> ESA 2010, Quarterly aggregates of Gross Domestic Product, production approach, seasonally, calendar and sport event adjusted data. Background information on sport event adjustment can be found in the publication “Konjunkturtendenzen” (“Economic Trends”) from autumn 2022 and in the technical note from 5 September 2022 on the website www.seco.admin.ch.
A2: =INDIRECT("beschriftung!"&ADDRESS(beschriftung!$C$1*12+ROW(beschriftung!$A4)-1,COLUMN(beschriftung!B$1))) -> Implicit chain price indexes, year-on-year growth rates
C4: =INDIRECT("beschriftung!"&ADDRESS(beschriftung!$C$1*12+ROW(beschriftung!$A5)-1,COLUMN(beschriftung!C$1))) -> Gross domestic product | D4: =IF(INDIRECT("beschriftung.!"&ADDRESS(#REF!*12+ROW($A5)-1,COLUMN(D$1)))="","",INDIRECT("beschriftung.!"&ADDRESS(#REF!*12+ROW($A5)-1,COLUMN(D$1)))) -> #REF! | E4: =IF(INDIRECT("beschriftung.!"&ADDRESS(#REF!*12+ROW($A5)-1,COLUMN(E$1)))="","",INDIRECT("beschriftung.!"&ADDRESS(#REF!*12+ROW($A5)-1,COLUMN(E$1)))) -> #REF! | F4: =IF(INDIRECT("beschriftung.!"&ADDRESS(#REF!*12+ROW($A5)-1,COLUMN(F$1)))="","",INDIRECT("beschriftung.!"&ADDRESS(#REF!*12+ROW($A5)-1,COLUMN(F$1)))) -> #REF! | G4: =IF(INDIRECT("beschriftung.!"&ADDRESS(#REF!*12+ROW($A5)-1,COLUMN(G$1)))="","",INDIRECT("beschriftung.!"&ADDRESS(#REF!*12+ROW($A5)-1,COLUMN(G$1)))) -> #REF! | H4: =IF(INDIRECT("beschriftung.!"&ADDRESS(#REF!*12+ROW($A5)-1,COLUMN(H$1)))="","",INDIRECT("beschriftung.!"&ADDRESS(#REF!*12+ROW($A5)-1,COLUMN(H$1)))) -> #REF! | I4: =IF(INDIRECT("beschriftung.!"&ADDRESS(#REF!*12+ROW($A5)-1,COLUMN(I$1)))="","",INDIRECT("beschriftung.!"&ADDRESS(#REF!*12+ROW($A5)-1,COLUMN(I$1)))) -> #REF! | J4: =IF(INDIRECT("beschriftung.!"&ADDRESS(#REF!*12+ROW($A5)-1,COLUMN(J$1)))="","",INDIRECT("beschriftung.!"&ADDRESS(#REF!*12+ROW($A5)-1,COLUMN(J$1)))) -> #REF! | K4: =IF(INDIRECT("beschriftung.!"&ADDRESS(#REF!*12+ROW($A5)-1,COLUMN(K$1)))="","",INDIRECT("beschriftung.!"&ADDRESS(#REF!*12+ROW($A5)-1,COLUMN(K$1)))) -> #REF! | L4: =IF(INDIRECT("beschriftung.!"&ADDRESS(#REF!*12+ROW($A5)-1,COLUMN(L$1)))="","",INDIRECT("beschriftung.!"&ADDRESS(#REF!*12+ROW($A5)-1,COLUMN(L$1)))) -> #REF! | Q4: =IF(INDIRECT("beschriftung.!"&ADDRESS(#REF!*12+ROW($A5)-1,COLUMN(Q$1)))="","",INDIRECT("beschriftung.!"&ADDRESS(#REF!*12+ROW($A5)-1,COLUMN(Q$1)))) -> #REF! | R4: =IF(INDIRECT("beschriftung.!"&ADDRESS(#REF!*12+ROW($A5)-1,COLUMN(R$1)))="","",INDIRECT("beschriftung.!"&ADDRESS(#REF!*12+ROW($A5)-1,COLUMN(R$1)))) -> #REF! | U4: =IF(INDIRECT("beschriftung.!"&ADDRESS(#REF!*12+ROW($A5)-1,COLUMN(U$1)))="","",INDIRECT("beschriftung.!"&ADDRESS(#REF!*12+ROW($A5)-1,COLUMN(U$1)))) -> #REF! | V4: =IF(INDIRECT("beschriftung.!"&ADDRESS(#REF!*12+ROW($A5)-1,COLUMN(V$1)))="","",INDIRECT("beschriftung.!"&ADDRESS(#REF!*12+ROW($A5)-1,COLUMN(V$1)))) -> #REF! | W4: =IF(INDIRECT("beschriftung.!"&ADDRESS(#REF!*12+ROW($A5)-1,COLUMN(W$1)))="","",INDIRECT("beschriftung.!"&ADDRESS(#REF!*12+ROW($A5)-1,COLUMN(W$1)))) -> #REF! | X4: =IF(INDIRECT("beschriftung.!"&ADDRESS(#REF!*12+ROW($A5)-1,COLUMN(X$1)))="","",INDIRECT("beschriftung.!"&ADDRESS(#REF!*12+ROW($A5)-1,COLUMN(X$1)))) -> #REF! | AA4: =IF(INDIRECT("beschriftung.!"&ADDRESS(#REF!*12+ROW($A5)-1,COLUMN(AA$1)))="","",INDIRECT("beschriftung.!"&ADDRESS(#REF!*12+ROW($A5)-1,COLUMN(AA$1)))) -> #REF! | AB4: =IF(INDIRECT("beschriftung.!"&ADDRESS(#REF!*12+ROW($A5)-1,COLUMN(AB$1)))="","",INDIRECT("beschriftung.!"&ADDRESS(#REF!*12+ROW($A5)-1,COLUMN(AB$1)))) -> #REF! | AG4: =IF(INDIRECT("beschriftung.!"&ADDRESS(#REF!*12+ROW($A5)-1,COLUMN(AG$1)))="","",INDIRECT("beschriftung.!"&ADDRESS(#REF!*12+ROW($A5)-1,COLUMN(AG$1)))) -> #REF! | AH4: =IF(INDIRECT("beschriftung.!"&ADDRESS(#REF!*12+ROW($A5)-1,COLUMN(AH$1)))="","",INDIRECT("beschriftung.!"&ADDRESS(#REF!*12+ROW($A5)-1,COLUMN(AH$1)))) -> #REF! | AI4: =IF(INDIRECT("beschriftung.!"&ADDRESS(#REF!*12+ROW($A5)-1,COLUMN(AI$1)))="","",INDIRECT("beschriftung.!"&ADDRESS(#REF!*12+ROW($A5)-1,COLUMN(AI$1)))) -> #REF! | AJ4: =IF(INDIRECT("beschriftung.!"&ADDRESS(#REF!*12+ROW($A5)-1,COLUMN(AJ$1)))="","",INDIRECT("beschriftung.!"&ADDRESS(#REF!*12+ROW($A5)-1,COLUMN(AJ$1)))) -> #REF! | AM4: =IF(INDIRECT("beschriftung.!"&ADDRESS(#REF!*12+ROW($A5)-1,COLUMN(AM$1)))="","",INDIRECT("beschriftung.!"&ADDRESS(#REF!*12+ROW($A5)-1,COLUMN(AM$1)))) -> #REF! | AN4: =IF(INDIRECT("beschriftung.!"&ADDRESS(#REF!*12+ROW($A5)-1,COLUMN(AN$1)))="","",INDIRECT("beschriftung.!"&ADDRESS(#REF!*12+ROW($A5)-1,COLUMN(AN$1)))) -> #REF! | AO4: =IF(INDIRECT("beschriftung.!"&ADDRESS(#REF!*12+ROW($A5)-1,COLUMN(AO$1)))="","",INDIRECT("beschriftung.!"&ADDRESS(#REF!*12+ROW($A5)-1,COLUMN(AO$1)))) -> #REF! | AP4: =IF(INDIRECT("beschriftung.!"&ADDRESS(#REF!*12+ROW($A5)-1,COLUMN(AP$1)))="","",INDIRECT("beschriftung.!"&ADDRESS(#REF!*12+ROW($A5)-1,COLUMN(AP$1)))) -> #REF! | AQ4: =IF(INDIRECT("beschriftung.!"&ADDRESS(#REF!*12+ROW($A5)-1,COLUMN(AQ$1)))="","",INDIRECT("beschriftung.!"&ADDRESS(#REF!*12+ROW($A5)-1,COLUMN(AQ$1)))) -> #REF! | AR4: =IF(INDIRECT("beschriftung.!"&ADDRESS(#REF!*12+ROW($A5)-1,COLUMN(AR$1)))="","",INDIRECT("beschriftung.!"&ADDRESS(#REF!*12+ROW($A5)-1,COLUMN(AR$1)))) -> #REF! | AS4: =IF(INDIRECT("beschriftung.!"&ADDRESS(#REF!*12+ROW($A5)-1,COLUMN(AS$1)))="","",INDIRECT("beschriftung.!"&ADDRESS(#REF!*12+ROW($A5)-1,COLUMN(AS$1)))) -> #REF! | AT4: =IF(INDIRECT("beschriftung.!"&ADDRESS(#REF!*12+ROW($A5)-1,COLUMN(AT$1)))="","",INDIRECT("beschriftung.!"&ADDRESS(#REF!*12+ROW($A5)-1,COLUMN(AT$1)))) -> #REF! | ... AV4: =IF(INDIRECT("beschriftung.!"&ADDRESS(#REF!*12+ROW($A5)-1,COLUMN(AV$1)))="","",INDIRECT("beschriftung.!"&ADDRESS(#REF!*12+ROW($A5)-1,COLUMN(AV$1)))) -> #REF! | AY4: =IF(INDIRECT("beschriftung.!"&ADDRESS(#REF!*12+ROW($A5)-1,COLUMN(AY$1)))="","",INDIRECT("beschriftung.!"&ADDRESS(#REF!*12+ROW($A5)-1,COLUMN(AY$1)))) -> #REF! | AZ4: =IF(INDIRECT("beschriftung.!"&ADDRESS(#REF!*12+ROW($A5)-1,COLUMN(AZ$1)))="","",INDIRECT("beschriftung.!"&ADDRESS(#REF!*12+ROW($A5)-1,COLUMN(AZ$1)))) -> #REF! | BA4: =IF(INDIRECT("beschriftung.!"&ADDRESS(#REF!*12+ROW($A5)-1,COLUMN(BA$1)))="","",INDIRECT("beschriftung.!"&ADDRESS(#REF!*12+ROW($A5)-1,COLUMN(BA$1)))) -> #REF! | BB4: =IF(INDIRECT("beschriftung.!"&ADDRESS(#REF!*12+ROW($A5)-1,COLUMN(BB$1)))="","",INDIRECT("beschriftung.!"&ADDRESS(#REF!*12+ROW($A5)-1,COLUMN(BB$1)))) -> #REF! | BC4: =IF(INDIRECT("beschriftung.!"&ADDRESS(#REF!*12+ROW($A5)-1,COLUMN(BC$1)))="","",INDIRECT("beschriftung.!"&ADDRESS(#REF!*12+ROW($A5)-1,COLUMN(BC$1)))) -> #REF! | BD4: =IF(INDIRECT("beschriftung.!"&ADDRESS(#REF!*12+ROW($A5)-1,COLUMN(BD$1)))="","",INDIRECT("beschriftung.!"&ADDRESS(#REF!*12+ROW($A5)-1,COLUMN(BD$1)))) -> #REF! | BE4: =IF(INDIRECT("beschriftung.!"&ADDRESS(#REF!*12+ROW($A5)-1,COLUMN(BE$1)))="","",INDIRECT("beschriftung.!"&ADDRESS(#REF!*12+ROW($A5)-1,COLUMN(BE$1)))) -> #REF! | BF4: =IF(INDIRECT("beschriftung.!"&ADDRESS(#REF!*12+ROW($A5)-1,COLUMN(BF$1)))="","",INDIRECT("beschriftung.!"&ADDRESS(#REF!*12+ROW($A5)-1,COLUMN(BF$1)))) -> #REF!
